[
  {
    "gid": "1205277253157266",
    "completed": true,
    "completed_at": "2023-09-29T17:55:13.432Z",
    "created_at": "2023-08-15T20:48:24.823Z",
    "custom_fields": [],
    "name": "Training Videos",
    "projects": [
      {
        "gid": "1204639066114957",
        "resource_type": "project"
      }
    ],
    "first_activity_at": "2023-08-15T20:48:33.477Z"
  },
  {
    "gid": "1204830301562377",
    "completed": true,
    "completed_at": "2023-08-15T20:48:19.259Z",
    "created_at": "2023-06-15T01:46:42.337Z",
    "custom_fields": [],
    "name": "RSS Feed question",
    "projects": [
      {
        "gid": "1204639066114957",
        "resource_type": "project"
      }
    ],
    "first_activity_at": "2023-06-15T01:47:48.199Z"
  },
  {
    "gid": "1205102203334713",
    "completed": true,
    "completed_at": "2023-08-15T20:48:20.598Z",
    "created_at": "2023-07-20T14:14:50.686Z",
    "custom_fields": [],
    "name": "Internal Review #2",
    "projects": [
      {
        "gid": "1204639066114957",
        "resource_type": "project"
      }
    ],
    "first_activity_at": "2023-07-21T15:29:20.796Z"
  },
  {
    "gid": "1205124589642836",
    "completed": true,
    "completed_at": "2023-08-15T20:45:53.850Z",
    "created_at": "2023-07-24T17:38:25.680Z",
    "custom_fields": [],
    "name": "Client Updates",
    "projects": [
      {
        "gid": "1204639066114957",
        "resource_type": "project"
      }
    ],
    "first_activity_at": "2023-07-24T17:38:32.727Z"
  },
  {
    "gid": "1204768769809132",
    "completed": true,
    "completed_at": "2023-07-11T20:20:59.987Z",
    "created_at": "2023-06-06T15:10:51.219Z",
    "custom_fields": [],
    "name": "Development",
    "projects": [
      {
        "gid": "1204639066114957",
        "resource_type": "project"
      }
    ],
    "first_activity_at": "2023-06-06T15:11:03.204Z"
  },
  {
    "gid": "1205011967130226",
    "completed": true,
    "completed_at": "2023-07-12T15:56:20.384Z",
    "created_at": "2023-07-11T17:40:19.895Z",
    "custom_fields": [],
    "name": "Internal Review",
    "projects": [
      {
        "gid": "1204639066114957",
        "resource_type": "project"
      }
    ],
    "first_activity_at": "2023-07-11T20:57:51.551Z"
  },
  {
    "gid": "1204810265197614",
    "completed": true,
    "completed_at": "2023-06-12T21:33:02.876Z",
    "created_at": "2023-06-12T19:59:47.621Z",
    "custom_fields": [],
    "name": "Mockup Revisions",
    "projects": [
      {
        "gid": "1204639066114957",
        "resource_type": "project"
      }
    ],
    "first_activity_at": "2023-06-12T20:00:00.365Z"
  },
  {
    "gid": "1204735332290909",
    "completed": true,
    "completed_at": "2023-06-09T14:49:06.373Z",
    "created_at": "2023-06-01T16:41:57.231Z",
    "custom_fields": [],
    "name": "Design Mockup",
    "projects": [
      {
        "gid": "1204639066114957",
        "resource_type": "project"
      }
    ],
    "first_activity_at": "2023-06-01T16:42:14.684Z"
  },
  {
    "gid": "1204768769809129",
    "completed": true,
    "completed_at": "2023-06-08T17:32:35.858Z",
    "created_at": "2023-06-06T15:10:32.047Z",
    "custom_fields": [],
    "name": "Written Content",
    "projects": [
      {
        "gid": "1204639066114957",
        "resource_type": "project"
      }
    ],
    "first_activity_at": "2023-06-06T15:10:38.596Z"
  },
  {
    "gid": "1204768769809135",
    "completed": true,
    "completed_at": "2023-06-07T20:48:46.667Z",
    "created_at": "2023-06-06T15:11:08.991Z",
    "custom_fields": [],
    "name": "Logo from Client",
    "projects": [
      {
        "gid": "1204639066114957",
        "resource_type": "project"
      }
    ],
    "first_activity_at": "2023-06-06T15:11:18.515Z"
  },
  {
    "gid": "1204760746705043",
    "completed": true,
    "completed_at": "2023-06-06T15:03:55.847Z",
    "created_at": "2023-06-05T18:47:02.462Z",
    "custom_fields": [],
    "name": "Internal Review",
    "projects": [
      {
        "gid": "1204639066114957",
        "resource_type": "project"
      }
    ],
    "first_activity_at": "2023-06-05T18:47:08.471Z"
  },
  {
    "gid": "1204668359210771",
    "completed": true,
    "completed_at": "2023-06-01T16:41:54.541Z",
    "created_at": "2023-05-24T13:55:46.631Z",
    "custom_fields": [],
    "name": "Design Brief",
    "projects": [
      {
        "gid": "1204639066114957",
        "resource_type": "project"
      }
    ],
    "first_activity_at": "2023-05-24T13:55:56.548Z"
  },
  {
    "gid": "1204639068459373",
    "completed": true,
    "completed_at": "2023-05-19T19:44:10.796Z",
    "created_at": "2023-05-19T19:43:38.998Z",
    "custom_fields": [],
    "name": "Onboarding Meeting",
    "projects": [
      {
        "gid": "1204639066114957",
        "resource_type": "project"
      }
    ],
    "first_activity_at": "2023-05-19T19:44:10.835Z"
  }
]