[
  {
    "gid": "1204820047249858",
    "completed": true,
    "completed_at": "2023-06-27T20:17:16.523Z",
    "created_at": "2023-06-13T21:08:11.303Z",
    "custom_fields": [],
    "name": "WordPress Training Videos",
    "projects": [
      {
        "gid": "1204611177953612",
        "resource_type": "project"
      }
    ],
    "first_activity_at": "2023-06-13T21:08:20.135Z"
  },
  {
    "gid": "1204836287707066",
    "completed": true,
    "completed_at": "2023-06-15T17:43:35.262Z",
    "created_at": "2023-06-15T16:44:43.204Z",
    "custom_fields": [],
    "name": "Change Type of Appointment",
    "projects": [
      {
        "gid": "1204611177953612",
        "resource_type": "project"
      }
    ],
    "first_activity_at": "2023-06-15T16:45:08.420Z"
  },
  {
    "gid": "1204836287707069",
    "completed": true,
    "completed_at": "2023-06-15T17:35:41.150Z",
    "created_at": "2023-06-15T16:45:32.623Z",
    "custom_fields": [],
    "name": "Add Fax Number on Contact Page",
    "projects": [
      {
        "gid": "1204611177953612",
        "resource_type": "project"
      }
    ],
    "first_activity_at": "2023-06-15T16:46:01.096Z"
  },
  {
    "gid": "1204826468188894",
    "completed": true,
    "completed_at": "2023-06-14T18:18:21.434Z",
    "created_at": "2023-06-14T18:05:31.340Z",
    "custom_fields": [],
    "name": "Add \"Type of Insurance\" to Appointment Booking Form",
    "projects": [
      {
        "gid": "1204611177953612",
        "resource_type": "project"
      }
    ],
    "first_activity_at": "2023-06-14T18:05:46.624Z"
  },
  {
    "gid": "1204826467667880",
    "completed": true,
    "completed_at": "2023-06-14T17:56:15.375Z",
    "created_at": "2023-06-14T15:25:13.078Z",
    "custom_fields": [],
    "name": "Add \"Commercial Insurance Accepted\" under \"Mental Health Services\"",
    "projects": [
      {
        "gid": "1204611177953612",
        "resource_type": "project"
      }
    ],
    "first_activity_at": "2023-06-14T15:26:47.499Z"
  },
  {
    "gid": "1204825283127050",
    "completed": true,
    "completed_at": "2023-06-14T14:37:43.712Z",
    "created_at": "2023-06-14T13:44:25.562Z",
    "custom_fields": [],
    "name": "Make Availability from 8am-6pm",
    "projects": [
      {
        "gid": "1204611177953612",
        "resource_type": "project"
      }
    ],
    "first_activity_at": "2023-06-14T13:44:44.744Z"
  },
  {
    "gid": "1204825142405251",
    "completed": true,
    "completed_at": "2023-06-14T13:31:33.538Z",
    "created_at": "2023-06-14T13:26:03.949Z",
    "custom_fields": [],
    "name": "Change Appointment Availability to Even Hours",
    "projects": [
      {
        "gid": "1204611177953612",
        "resource_type": "project"
      }
    ],
    "first_activity_at": "2023-06-14T13:26:48.033Z"
  },
  {
    "gid": "1204825034841432",
    "completed": true,
    "completed_at": "2023-06-14T13:25:59.671Z",
    "created_at": "2023-06-14T12:56:09.721Z",
    "custom_fields": [],
    "name": "Add Phone Number in Appointment Booking",
    "projects": [
      {
        "gid": "1204611177953612",
        "resource_type": "project"
      }
    ],
    "first_activity_at": "2023-06-14T12:56:24.803Z"
  },
  {
    "gid": "1204757782002129",
    "completed": true,
    "completed_at": "2023-06-14T13:14:02.537Z",
    "created_at": "2023-06-05T17:59:18.828Z",
    "custom_fields": [],
    "name": "After Launch OAuth Google With SimplyCalendar",
    "projects": [
      {
        "gid": "1204611177953612",
        "resource_type": "project"
      }
    ],
    "first_activity_at": "2023-06-05T17:59:42.251Z"
  },
  {
    "gid": "1204810265198809",
    "completed": true,
    "completed_at": "2023-06-13T17:59:48.141Z",
    "created_at": "2023-06-12T20:59:00.220Z",
    "custom_fields": [],
    "name": "Revisions",
    "projects": [
      {
        "gid": "1204611177953612",
        "resource_type": "project"
      }
    ],
    "first_activity_at": "2023-06-12T21:08:38.244Z"
  },
  {
    "gid": "1204806250229164",
    "completed": true,
    "completed_at": "2023-06-12T19:27:49.852Z",
    "created_at": "2023-06-12T17:16:16.038Z",
    "custom_fields": [],
    "name": "Changes 2",
    "projects": [
      {
        "gid": "1204611177953612",
        "resource_type": "project"
      }
    ],
    "first_activity_at": "2023-06-12T17:16:29.515Z"
  },
  {
    "gid": "1204768769809121",
    "completed": true,
    "completed_at": "2023-06-12T17:12:10.661Z",
    "created_at": "2023-06-06T14:36:11.557Z",
    "custom_fields": [],
    "name": "Internal Review Revisions",
    "projects": [
      {
        "gid": "1204611177953612",
        "resource_type": "project"
      }
    ],
    "first_activity_at": "2023-06-06T14:36:45.332Z"
  },
  {
    "gid": "1204762082474265",
    "completed": true,
    "completed_at": "2023-06-06T15:22:53.102Z",
    "created_at": "2023-06-05T20:43:36.883Z",
    "custom_fields": [],
    "name": "Internal Review",
    "projects": [
      {
        "gid": "1204611177953612",
        "resource_type": "project"
      }
    ],
    "first_activity_at": "2023-06-05T20:43:43.556Z"
  },
  {
    "gid": "1204768675675214",
    "completed": true,
    "completed_at": "2023-06-06T14:38:42.525Z",
    "created_at": "2023-06-06T14:26:42.858Z",
    "custom_fields": [],
    "name": "Pre-Launch Documentation",
    "projects": [
      {
        "gid": "1204611177953612",
        "resource_type": "project"
      }
    ],
    "first_activity_at": "2023-06-06T14:27:30.504Z"
  },
  {
    "gid": "1204725868258000",
    "completed": true,
    "completed_at": "2023-06-05T20:43:53.434Z",
    "created_at": "2023-05-31T20:27:18.179Z",
    "custom_fields": [],
    "name": "Development",
    "projects": [
      {
        "gid": "1204611177953612",
        "resource_type": "project"
      }
    ],
    "first_activity_at": "2023-05-31T20:28:28.397Z"
  },
  {
    "gid": "1204715122687606",
    "completed": true,
    "completed_at": "2023-05-31T18:36:03.550Z",
    "created_at": "2023-05-30T16:41:15.538Z",
    "custom_fields": [],
    "name": "Change the substance abuse page image",
    "projects": [
      {
        "gid": "1204611177953612",
        "resource_type": "project"
      }
    ],
    "first_activity_at": "2023-05-30T16:42:05.625Z"
  },
  {
    "gid": "1204672394212978",
    "completed": true,
    "completed_at": "2023-05-25T19:12:34.548Z",
    "created_at": "2023-05-24T20:47:17.099Z",
    "custom_fields": [],
    "name": "Client Revisions 2",
    "projects": [
      {
        "gid": "1204611177953612",
        "resource_type": "project"
      }
    ],
    "first_activity_at": "2023-05-24T20:51:27.886Z"
  },
  {
    "gid": "1204671380155062",
    "completed": true,
    "completed_at": "2023-05-24T19:27:23.945Z",
    "created_at": "2023-05-24T18:06:49.282Z",
    "custom_fields": [],
    "name": "Client Revisions",
    "projects": [
      {
        "gid": "1204611177953612",
        "resource_type": "project"
      }
    ],
    "first_activity_at": "2023-05-24T18:38:24.744Z"
  },
  {
    "gid": "1204611177953615",
    "completed": true,
    "completed_at": "2023-05-19T20:06:05.257Z",
    "created_at": "2023-05-17T02:44:02.026Z",
    "custom_fields": [],
    "name": "Design Mockup",
    "projects": [
      {
        "gid": "1204611177953612",
        "resource_type": "project"
      }
    ],
    "first_activity_at": "2023-05-17T02:44:37.859Z"
  }
]