[
  {
    "gid": "1205111989384702",
    "completed": true,
    "completed_at": "2023-08-03T18:38:08.019Z",
    "created_at": "2023-07-21T18:04:37.952Z",
    "custom_fields": [],
    "name": "Training Videos",
    "projects": [
      {
        "gid": "1204579613053535",
        "resource_type": "project"
      }
    ],
    "first_activity_at": "2023-07-21T18:04:44.952Z"
  },
  {
    "gid": "1204935062717333",
    "completed": true,
    "completed_at": "2023-06-29T17:25:05.554Z",
    "created_at": "2023-06-29T14:56:20.619Z",
    "custom_fields": [],
    "name": "Final Revisions",
    "projects": [
      {
        "gid": "1204579613053535",
        "resource_type": "project"
      }
    ],
    "first_activity_at": "2023-06-29T15:24:13.728Z"
  },
  {
    "gid": "1204881569134723",
    "completed": true,
    "completed_at": "2023-06-28T15:01:40.732Z",
    "created_at": "2023-06-22T13:22:12.702Z",
    "custom_fields": [],
    "name": "Internal Review Revisions",
    "projects": [
      {
        "gid": "1204579613053535",
        "resource_type": "project"
      }
    ],
    "first_activity_at": "2023-06-22T14:23:29.756Z"
  },
  {
    "gid": "1204873594515432",
    "completed": true,
    "completed_at": "2023-06-22T20:30:25.105Z",
    "created_at": "2023-06-21T21:48:13.141Z",
    "custom_fields": [],
    "name": "Internal Review",
    "projects": [
      {
        "gid": "1204579613053535",
        "resource_type": "project"
      }
    ],
    "first_activity_at": "2023-06-22T18:34:27.955Z"
  },
  {
    "gid": "1204819504068565",
    "completed": true,
    "completed_at": "2023-06-21T21:27:12.494Z",
    "created_at": "2023-06-13T19:58:51.120Z",
    "custom_fields": [],
    "name": "Development",
    "projects": [
      {
        "gid": "1204579613053535",
        "resource_type": "project"
      }
    ],
    "first_activity_at": "2023-06-13T20:11:41.184Z"
  },
  {
    "gid": "1204817000103145",
    "completed": true,
    "completed_at": "2023-06-13T19:19:40.976Z",
    "created_at": "2023-06-13T15:15:59.183Z",
    "custom_fields": [],
    "name": "Revisions",
    "projects": [
      {
        "gid": "1204579613053535",
        "resource_type": "project"
      }
    ],
    "first_activity_at": "2023-06-13T15:23:29.172Z"
  },
  {
    "gid": "1204579613053538",
    "completed": true,
    "completed_at": "2023-05-23T14:06:08.923Z",
    "created_at": "2023-05-11T12:52:06.425Z",
    "custom_fields": [],
    "name": "Design Mockup",
    "projects": [
      {
        "gid": "1204579613053535",
        "resource_type": "project"
      }
    ],
    "first_activity_at": "2023-05-11T12:52:49.341Z"
  }
]