[
  {
    "gid": "1204746557233549",
    "completed": true,
    "completed_at": "2023-06-20T20:59:13.243Z",
    "created_at": "2023-06-02T15:46:11.464Z",
    "custom_fields": [
      {
        "gid": "1204686298941275",
        "enabled": true,
        "name": "Development URL",
        "description": "URL of the current project",
        "created_by": {
          "gid": "1211479213851033",
          "name": "Josh McKenzie",
          "resource_type": "user"
        },
        "display_value": null,
        "resource_subtype": "text",
        "resource_type": "custom_field",
        "text_value": null,
        "is_formula_field": false,
        "is_value_read_only": false,
        "type": "text"
      },
      {
        "gid": "1204686290844088",
        "enabled": true,
        "name": "Domain",
        "description": "Domain URL of the project",
        "created_by": {
          "gid": "1211479213851033",
          "name": "Josh McKenzie",
          "resource_type": "user"
        },
        "display_value": null,
        "resource_subtype": "text",
        "resource_type": "custom_field",
        "text_value": null,
        "is_formula_field": false,
        "is_value_read_only": false,
        "type": "text"
      }
    ],
    "name": "WordPress Training Videos",
    "projects": [
      {
        "gid": "1204620165955570",
        "resource_type": "project"
      }
    ],
    "first_activity_at": "2023-06-02T15:46:39.014Z"
  },
  {
    "gid": "1204725867728242",
    "completed": true,
    "completed_at": "2023-05-31T14:43:49.721Z",
    "created_at": "2023-05-31T14:02:52.424Z",
    "custom_fields": [
      {
        "gid": "1204686298941275",
        "enabled": true,
        "name": "Development URL",
        "description": "URL of the current project",
        "created_by": {
          "gid": "1211479213851033",
          "name": "Josh McKenzie",
          "resource_type": "user"
        },
        "display_value": null,
        "resource_subtype": "text",
        "resource_type": "custom_field",
        "text_value": null,
        "is_formula_field": false,
        "is_value_read_only": false,
        "type": "text"
      },
      {
        "gid": "1204686290844088",
        "enabled": true,
        "name": "Domain",
        "description": "Domain URL of the project",
        "created_by": {
          "gid": "1211479213851033",
          "name": "Josh McKenzie",
          "resource_type": "user"
        },
        "display_value": null,
        "resource_subtype": "text",
        "resource_type": "custom_field",
        "text_value": null,
        "is_formula_field": false,
        "is_value_read_only": false,
        "type": "text"
      }
    ],
    "name": "Revisions",
    "projects": [
      {
        "gid": "1204620165955570",
        "resource_type": "project"
      }
    ],
    "first_activity_at": "2023-05-31T14:03:08.836Z"
  },
  {
    "gid": "1204715998098184",
    "completed": true,
    "completed_at": "2023-05-30T20:47:20.845Z",
    "created_at": "2023-05-30T18:05:28.464Z",
    "custom_fields": [
      {
        "gid": "1204686298941275",
        "enabled": true,
        "name": "Development URL",
        "description": "URL of the current project",
        "created_by": {
          "gid": "1211479213851033",
          "name": "Josh McKenzie",
          "resource_type": "user"
        },
        "display_value": "https://docs.google.com/presentation/d/1_tjGPwam5o2FZyeIxRSJIPDIYgUxHMwGieGmi95u2Kc/edit?usp=sharing",
        "resource_subtype": "text",
        "resource_type": "custom_field",
        "text_value": "https://docs.google.com/presentation/d/1_tjGPwam5o2FZyeIxRSJIPDIYgUxHMwGieGmi95u2Kc/edit?usp=sharing",
        "is_formula_field": false,
        "is_value_read_only": false,
        "type": "text"
      },
      {
        "gid": "1204686290844088",
        "enabled": true,
        "name": "Domain",
        "description": "Domain URL of the project",
        "created_by": {
          "gid": "1211479213851033",
          "name": "Josh McKenzie",
          "resource_type": "user"
        },
        "display_value": null,
        "resource_subtype": "text",
        "resource_type": "custom_field",
        "text_value": null,
        "is_formula_field": false,
        "is_value_read_only": false,
        "type": "text"
      }
    ],
    "name": "Internal Review",
    "projects": [
      {
        "gid": "1204620165955570",
        "resource_type": "project"
      }
    ],
    "first_activity_at": "2023-05-30T18:07:55.933Z"
  },
  {
    "gid": "1204620165955577",
    "completed": true,
    "completed_at": "2023-05-22T15:09:41.568Z",
    "created_at": "2023-05-17T15:29:55.144Z",
    "custom_fields": [
      {
        "gid": "1204686298941275",
        "enabled": true,
        "name": "Development URL",
        "description": "URL of the current project",
        "created_by": {
          "gid": "1211479213851033",
          "name": "Josh McKenzie",
          "resource_type": "user"
        },
        "display_value": null,
        "resource_subtype": "text",
        "resource_type": "custom_field",
        "text_value": null,
        "is_formula_field": false,
        "is_value_read_only": false,
        "type": "text"
      },
      {
        "gid": "1204686290844088",
        "enabled": true,
        "name": "Domain",
        "description": "Domain URL of the project",
        "created_by": {
          "gid": "1211479213851033",
          "name": "Josh McKenzie",
          "resource_type": "user"
        },
        "display_value": null,
        "resource_subtype": "text",
        "resource_type": "custom_field",
        "text_value": null,
        "is_formula_field": false,
        "is_value_read_only": false,
        "type": "text"
      }
    ],
    "name": "Design Revisions",
    "projects": [
      {
        "gid": "1204620165955570",
        "resource_type": "project"
      }
    ],
    "first_activity_at": "2023-05-17T15:40:12.126Z"
  },
  {
    "gid": "1204620166689230",
    "completed": true,
    "completed_at": "2023-05-26T17:38:00.523Z",
    "created_at": "2023-05-17T17:10:11.622Z",
    "custom_fields": [
      {
        "gid": "1204686298941275",
        "enabled": true,
        "name": "Development URL",
        "description": "URL of the current project",
        "created_by": {
          "gid": "1211479213851033",
          "name": "Josh McKenzie",
          "resource_type": "user"
        },
        "display_value": null,
        "resource_subtype": "text",
        "resource_type": "custom_field",
        "text_value": null,
        "is_formula_field": false,
        "is_value_read_only": false,
        "type": "text"
      },
      {
        "gid": "1204686290844088",
        "enabled": true,
        "name": "Domain",
        "description": "Domain URL of the project",
        "created_by": {
          "gid": "1211479213851033",
          "name": "Josh McKenzie",
          "resource_type": "user"
        },
        "display_value": null,
        "resource_subtype": "text",
        "resource_type": "custom_field",
        "text_value": null,
        "is_formula_field": false,
        "is_value_read_only": false,
        "type": "text"
      }
    ],
    "name": "Development",
    "projects": [
      {
        "gid": "1204620165955570",
        "resource_type": "project"
      }
    ],
    "first_activity_at": "2023-05-17T17:11:31.673Z"
  },
  {
    "gid": "1204712948927646",
    "completed": true,
    "completed_at": "2023-05-30T19:17:03.565Z",
    "created_at": "2023-05-30T12:51:58.730Z",
    "custom_fields": [
      {
        "gid": "1204686298941275",
        "enabled": true,
        "name": "Development URL",
        "description": "URL of the current project",
        "created_by": {
          "gid": "1211479213851033",
          "name": "Josh McKenzie",
          "resource_type": "user"
        },
        "display_value": null,
        "resource_subtype": "text",
        "resource_type": "custom_field",
        "text_value": null,
        "is_formula_field": false,
        "is_value_read_only": false,
        "type": "text"
      },
      {
        "gid": "1204686290844088",
        "enabled": true,
        "name": "Domain",
        "description": "Domain URL of the project",
        "created_by": {
          "gid": "1211479213851033",
          "name": "Josh McKenzie",
          "resource_type": "user"
        },
        "display_value": null,
        "resource_subtype": "text",
        "resource_type": "custom_field",
        "text_value": null,
        "is_formula_field": false,
        "is_value_read_only": false,
        "type": "text"
      }
    ],
    "name": "Launch new pages",
    "projects": [
      {
        "gid": "1204620165955570",
        "resource_type": "project"
      }
    ],
    "first_activity_at": "2023-05-30T19:17:03.607Z"
  }
]