[
  {
    "gid": "1204554266016416",
    "completed": true,
    "completed_at": "2023-05-09T19:42:37.403Z",
    "created_at": "2023-05-08T18:35:58.410Z",
    "custom_fields": [],
    "name": "Website updates",
    "projects": [
      {
        "gid": "1204554266016412",
        "resource_type": "project"
      }
    ],
    "first_activity_at": "2023-05-08T18:36:22.247Z"
  },
  {
    "gid": "1204586411160642",
    "completed": true,
    "completed_at": "2023-05-16T13:58:31.989Z",
    "created_at": "2023-05-12T02:34:07.463Z",
    "custom_fields": [],
    "name": "ADA Widget",
    "projects": [
      {
        "gid": "1204554266016412",
        "resource_type": "project"
      }
    ],
    "first_activity_at": "2023-05-12T02:34:58.580Z"
  }
]