[
  {
    "gid": "1205887314083585",
    "completed": true,
    "completed_at": "2023-11-14T21:07:16.761Z",
    "created_at": "2023-11-06T18:01:55.018Z",
    "custom_fields": [],
    "name": "Final Files",
    "projects": [
      {
        "gid": "1204501650268354",
        "resource_type": "project"
      }
    ],
    "first_activity_at": "2023-11-06T18:02:39.751Z"
  },
  {
    "gid": "1205869797800738",
    "completed": true,
    "completed_at": "2023-11-06T14:51:51.168Z",
    "created_at": "2023-11-03T13:07:35.317Z",
    "custom_fields": [],
    "name": "Color E in Horizontal Format",
    "projects": [
      {
        "gid": "1204501650268354",
        "resource_type": "project"
      }
    ],
    "first_activity_at": "2023-11-03T13:07:51.920Z"
  },
  {
    "gid": "1205813921056193",
    "completed": true,
    "completed_at": "2023-11-02T17:17:57.890Z",
    "created_at": "2023-10-26T17:10:36.514Z",
    "custom_fields": [],
    "name": "Color Palettes",
    "projects": [
      {
        "gid": "1204501650268354",
        "resource_type": "project"
      }
    ],
    "first_activity_at": "2023-10-26T17:10:43.361Z"
  },
  {
    "gid": "1205155167244267",
    "completed": true,
    "completed_at": "2023-08-18T20:56:23.627Z",
    "created_at": "2023-07-27T18:45:59.310Z",
    "custom_fields": [],
    "name": "Logo feedback",
    "projects": [
      {
        "gid": "1204501650268354",
        "resource_type": "project"
      }
    ],
    "first_activity_at": "2023-07-27T18:46:49.359Z"
  },
  {
    "gid": "1204658652156328",
    "completed": true,
    "completed_at": "2023-06-15T16:54:46.391Z",
    "created_at": "2023-05-23T16:34:55.848Z",
    "custom_fields": [],
    "name": "New Owl Version",
    "projects": [
      {
        "gid": "1204501650268354",
        "resource_type": "project"
      }
    ],
    "first_activity_at": "2023-05-23T16:35:48.475Z"
  },
  {
    "gid": "1204501650268358",
    "completed": true,
    "completed_at": "2023-05-12T20:57:44.161Z",
    "created_at": "2023-04-30T02:53:48.797Z",
    "custom_fields": [],
    "name": "Logo Creation Mockup",
    "projects": [
      {
        "gid": "1204501650268354",
        "resource_type": "project"
      }
    ],
    "first_activity_at": "2023-04-30T02:54:45.140Z"
  }
]