[
  {
    "gid": "1204826468188874",
    "completed": true,
    "completed_at": "2023-06-14T20:34:59.523Z",
    "created_at": "2023-06-14T17:35:21.659Z",
    "custom_fields": [],
    "name": "Add a Trophy Level Sponsor",
    "projects": [
      {
        "gid": "1204514097560443",
        "resource_type": "project"
      }
    ],
    "first_activity_at": "2023-06-14T17:35:48.587Z"
  },
  {
    "gid": "1204826468188869",
    "completed": true,
    "completed_at": "2023-06-14T20:35:00.583Z",
    "created_at": "2023-06-14T17:33:36.056Z",
    "custom_fields": [],
    "name": "Add $100 Silver Level Sponsors",
    "projects": [
      {
        "gid": "1204514097560443",
        "resource_type": "project"
      }
    ],
    "first_activity_at": "2023-06-14T17:53:25.090Z"
  },
  {
    "gid": "1204514097560446",
    "completed": true,
    "completed_at": "2023-05-03T18:13:02.324Z",
    "created_at": "2023-05-02T19:49:42.158Z",
    "custom_fields": [],
    "name": "Design Revisions",
    "projects": [
      {
        "gid": "1204514097560443",
        "resource_type": "project"
      }
    ],
    "first_activity_at": "2023-05-02T19:51:19.737Z"
  },
  {
    "gid": "1204564343459007",
    "completed": true,
    "completed_at": "2023-05-22T19:07:56.085Z",
    "created_at": "2023-05-09T18:28:14.885Z",
    "custom_fields": [],
    "name": "Landing Page Development",
    "projects": [
      {
        "gid": "1204514097560443",
        "resource_type": "project"
      }
    ],
    "first_activity_at": "2023-05-09T18:34:01.953Z"
  },
  {
    "gid": "1204677590343584",
    "completed": true,
    "completed_at": "2023-06-02T15:30:13.126Z",
    "created_at": "2023-05-25T16:52:22.304Z",
    "custom_fields": [],
    "name": "Sponsorship Revisions",
    "projects": [
      {
        "gid": "1204514097560443",
        "resource_type": "project"
      }
    ],
    "first_activity_at": "2023-05-25T16:54:24.703Z"
  },
  {
    "gid": "1204649282574699",
    "completed": true,
    "completed_at": "2023-05-23T13:16:16.691Z",
    "created_at": "2023-05-22T19:08:21.975Z",
    "custom_fields": [],
    "name": "New Client Revisions",
    "projects": [
      {
        "gid": "1204514097560443",
        "resource_type": "project"
      }
    ],
    "first_activity_at": "2023-05-22T19:08:56.151Z"
  },
  {
    "gid": "1204571851534995",
    "completed": true,
    "completed_at": "2023-05-23T14:17:44.627Z",
    "created_at": "2023-05-12T19:34:09.325Z",
    "custom_fields": [],
    "name": "Client Revisions",
    "projects": [
      {
        "gid": "1204514097560443",
        "resource_type": "project"
      }
    ],
    "first_activity_at": "2023-05-12T19:34:32.970Z"
  }
]