[
  {
    "gid": "1208112562953791",
    "completed": true,
    "completed_at": "2024-08-22T21:07:59.451Z",
    "created_at": "2024-08-21T13:06:02.376Z",
    "custom_fields": [
      {
        "gid": "1204571851534991",
        "enabled": true,
        "name": "Estimated time",
        "description": "Asana-created. Estimate time to complete a task.",
        "number_value": null,
        "precision": 0,
        "created_by": null,
        "display_value": null,
        "resource_subtype": "number",
        "resource_type": "custom_field",
        "is_formula_field": false,
        "is_value_read_only": false,
        "type": "number"
      },
      {
        "gid": "1204571851534906",
        "enabled": true,
        "enum_options": [
          {
            "gid": "1204571851534907",
            "color": "red",
            "enabled": true,
            "name": "High priority",
            "resource_type": "enum_option"
          },
          {
            "gid": "1204571851534908",
            "color": "orange",
            "enabled": true,
            "name": "Medium priority",
            "resource_type": "enum_option"
          },
          {
            "gid": "1204571851534909",
            "color": "yellow-orange",
            "enabled": true,
            "name": "Low priority",
            "resource_type": "enum_option"
          }
        ],
        "enum_value": null,
        "name": "Priority level?",
        "description": "Asana-created. Track the priority of each task.",
        "created_by": {
          "gid": "1204456587890470",
          "name": "Dave Taylor",
          "resource_type": "user"
        },
        "display_value": null,
        "resource_subtype": "enum",
        "resource_type": "custom_field",
        "is_formula_field": false,
        "is_value_read_only": false,
        "type": "enum"
      },
      {
        "gid": "1204571851534911",
        "enabled": true,
        "enum_options": [
          {
            "gid": "1204571851534912",
            "color": "yellow-orange",
            "enabled": true,
            "name": "Low effort",
            "resource_type": "enum_option"
          },
          {
            "gid": "1204571851534913",
            "color": "orange",
            "enabled": true,
            "name": "Medium effort",
            "resource_type": "enum_option"
          },
          {
            "gid": "1204571851534914",
            "color": "red",
            "enabled": true,
            "name": "High effort",
            "resource_type": "enum_option"
          },
          {
            "gid": "1204571851534915",
            "color": "cool-gray",
            "enabled": true,
            "name": "Need to scope",
            "resource_type": "enum_option"
          }
        ],
        "enum_value": null,
        "name": "Effort level?",
        "description": "Asana-created. Track the effort of each task.",
        "created_by": {
          "gid": "1204456587890470",
          "name": "Dave Taylor",
          "resource_type": "user"
        },
        "display_value": null,
        "resource_subtype": "enum",
        "resource_type": "custom_field",
        "is_formula_field": false,
        "is_value_read_only": false,
        "type": "enum"
      },
      {
        "gid": "1204571851534917",
        "enabled": true,
        "enum_options": [
          {
            "gid": "1204590847775845",
            "color": "red",
            "enabled": true,
            "name": "Technical Support",
            "resource_type": "enum_option"
          },
          {
            "gid": "1204590847775846",
            "color": "yellow-orange",
            "enabled": true,
            "name": "Update Request",
            "resource_type": "enum_option"
          },
          {
            "gid": "1204571851534923",
            "color": "cool-gray",
            "enabled": true,
            "name": "Other",
            "resource_type": "enum_option"
          }
        ],
        "enum_value": null,
        "name": "Type (Work Requests - IT)",
        "description": "Asana-created. Track the type of each request.",
        "created_by": {
          "gid": "1204456587890470",
          "name": "Dave Taylor",
          "resource_type": "user"
        },
        "display_value": null,
        "resource_subtype": "enum",
        "resource_type": "custom_field",
        "is_formula_field": false,
        "is_value_read_only": false,
        "type": "enum"
      },
      {
        "gid": "1204571851534925",
        "enabled": true,
        "enum_options": [
          {
            "gid": "1204571851534926",
            "color": "blue",
            "enabled": true,
            "name": "Not Started",
            "resource_type": "enum_option"
          },
          {
            "gid": "1204571851534927",
            "color": "cool-gray",
            "enabled": true,
            "name": "In Progress",
            "resource_type": "enum_option"
          },
          {
            "gid": "1204571851534928",
            "color": "yellow",
            "enabled": true,
            "name": "Waiting",
            "resource_type": "enum_option"
          },
          {
            "gid": "1204571851534929",
            "color": "orange",
            "enabled": true,
            "name": "Deferred",
            "resource_type": "enum_option"
          },
          {
            "gid": "1204571851534930",
            "color": "blue-green",
            "enabled": true,
            "name": "Done",
            "resource_type": "enum_option"
          }
        ],
        "enum_value": {
          "gid": "1204571851534930",
          "color": "blue-green",
          "enabled": true,
          "name": "Done",
          "resource_type": "enum_option"
        },
        "name": "Task Progress",
        "description": "Asana-created. Track the progress of each task.",
        "created_by": {
          "gid": "1204456587890470",
          "name": "Dave Taylor",
          "resource_type": "user"
        },
        "display_value": "Done",
        "resource_subtype": "enum",
        "resource_type": "custom_field",
        "is_formula_field": false,
        "is_value_read_only": false,
        "type": "enum"
      },
      {
        "gid": "1204456891952863",
        "enabled": true,
        "enum_options": [
          {
            "gid": "1204456891952864",
            "color": "red",
            "enabled": true,
            "name": "High",
            "resource_type": "enum_option"
          },
          {
            "gid": "1204456891952865",
            "color": "orange",
            "enabled": true,
            "name": "Medium",
            "resource_type": "enum_option"
          },
          {
            "gid": "1204456891952866",
            "color": "yellow-orange",
            "enabled": true,
            "name": "Low",
            "resource_type": "enum_option"
          }
        ],
        "enum_value": null,
        "name": "Priority",
        "description": "Asana-created. Track the priority of each task.",
        "created_by": null,
        "display_value": null,
        "resource_subtype": "enum",
        "resource_type": "custom_field",
        "is_formula_field": false,
        "is_value_read_only": false,
        "type": "enum"
      },
      {
        "gid": "1204456891952868",
        "enabled": true,
        "enum_options": [
          {
            "gid": "1204456891952869",
            "color": "blue",
            "enabled": true,
            "name": "Not Started",
            "resource_type": "enum_option"
          },
          {
            "gid": "1204456891952870",
            "color": "cool-gray",
            "enabled": true,
            "name": "In Progress",
            "resource_type": "enum_option"
          },
          {
            "gid": "1204456891952871",
            "color": "yellow",
            "enabled": true,
            "name": "Waiting",
            "resource_type": "enum_option"
          },
          {
            "gid": "1204456891952872",
            "color": "orange",
            "enabled": true,
            "name": "Deferred",
            "resource_type": "enum_option"
          },
          {
            "gid": "1204456891952873",
            "color": "blue-green",
            "enabled": true,
            "name": "Done",
            "resource_type": "enum_option"
          }
        ],
        "enum_value": {
          "gid": "1204456891952873",
          "color": "blue-green",
          "enabled": true,
          "name": "Done",
          "resource_type": "enum_option"
        },
        "name": "Task Progress",
        "description": "Asana-created. Track the progress of each task.",
        "created_by": null,
        "display_value": "Done",
        "resource_subtype": "enum",
        "resource_type": "custom_field",
        "is_formula_field": false,
        "is_value_read_only": false,
        "type": "enum"
      }
    ],
    "name": "Groundhog",
    "projects": [
      {
        "gid": "1204571851534894",
        "resource_type": "project"
      },
      {
        "gid": "1204837872937252",
        "resource_type": "project"
      }
    ],
    "first_activity_at": "2024-08-21T13:06:11.056Z"
  },
  {
    "gid": "1208114911906117",
    "completed": true,
    "completed_at": "2024-08-22T21:08:07.448Z",
    "created_at": "2024-08-21T16:58:27.952Z",
    "custom_fields": [
      {
        "gid": "1204456891952863",
        "enabled": true,
        "enum_options": [
          {
            "gid": "1204456891952864",
            "color": "red",
            "enabled": true,
            "name": "High",
            "resource_type": "enum_option"
          },
          {
            "gid": "1204456891952865",
            "color": "orange",
            "enabled": true,
            "name": "Medium",
            "resource_type": "enum_option"
          },
          {
            "gid": "1204456891952866",
            "color": "yellow-orange",
            "enabled": true,
            "name": "Low",
            "resource_type": "enum_option"
          }
        ],
        "enum_value": {
          "gid": "1204456891952864",
          "color": "red",
          "enabled": true,
          "name": "High",
          "resource_type": "enum_option"
        },
        "name": "Priority",
        "description": "Asana-created. Track the priority of each task.",
        "created_by": null,
        "display_value": "High",
        "resource_subtype": "enum",
        "resource_type": "custom_field",
        "is_formula_field": false,
        "is_value_read_only": false,
        "type": "enum"
      },
      {
        "gid": "1204456891952868",
        "enabled": true,
        "enum_options": [
          {
            "gid": "1204456891952869",
            "color": "blue",
            "enabled": true,
            "name": "Not Started",
            "resource_type": "enum_option"
          },
          {
            "gid": "1204456891952870",
            "color": "cool-gray",
            "enabled": true,
            "name": "In Progress",
            "resource_type": "enum_option"
          },
          {
            "gid": "1204456891952871",
            "color": "yellow",
            "enabled": true,
            "name": "Waiting",
            "resource_type": "enum_option"
          },
          {
            "gid": "1204456891952872",
            "color": "orange",
            "enabled": true,
            "name": "Deferred",
            "resource_type": "enum_option"
          },
          {
            "gid": "1204456891952873",
            "color": "blue-green",
            "enabled": true,
            "name": "Done",
            "resource_type": "enum_option"
          }
        ],
        "enum_value": {
          "gid": "1204456891952873",
          "color": "blue-green",
          "enabled": true,
          "name": "Done",
          "resource_type": "enum_option"
        },
        "name": "Task Progress",
        "description": "Asana-created. Track the progress of each task.",
        "created_by": null,
        "display_value": "Done",
        "resource_subtype": "enum",
        "resource_type": "custom_field",
        "is_formula_field": false,
        "is_value_read_only": false,
        "type": "enum"
      },
      {
        "gid": "1204571851534991",
        "enabled": true,
        "name": "Estimated time",
        "description": "Asana-created. Estimate time to complete a task.",
        "number_value": null,
        "precision": 0,
        "created_by": null,
        "display_value": null,
        "resource_subtype": "number",
        "resource_type": "custom_field",
        "is_formula_field": false,
        "is_value_read_only": false,
        "type": "number"
      },
      {
        "gid": "1205784643136537",
        "enabled": true,
        "name": "Points",
        "description": "",
        "number_value": null,
        "precision": 0,
        "created_by": {
          "gid": "1211479213851033",
          "name": "Josh McKenzie",
          "resource_type": "user"
        },
        "display_value": null,
        "resource_subtype": "number",
        "resource_type": "custom_field",
        "is_formula_field": false,
        "is_value_read_only": false,
        "type": "number"
      },
      {
        "gid": "1205784883042950",
        "enabled": true,
        "name": "URL",
        "description": "URL of the task",
        "created_by": {
          "gid": "1211479213851033",
          "name": "Josh McKenzie",
          "resource_type": "user"
        },
        "display_value": "https://groundhogequipment.com/wp-admin",
        "resource_subtype": "text",
        "resource_type": "custom_field",
        "text_value": "https://groundhogequipment.com/wp-admin",
        "is_formula_field": false,
        "is_value_read_only": false,
        "type": "text"
      },
      {
        "gid": "1204686298941275",
        "enabled": true,
        "name": "Development URL",
        "description": "URL of the current project",
        "created_by": {
          "gid": "1211479213851033",
          "name": "Josh McKenzie",
          "resource_type": "user"
        },
        "display_value": null,
        "resource_subtype": "text",
        "resource_type": "custom_field",
        "text_value": null,
        "is_formula_field": false,
        "is_value_read_only": false,
        "type": "text"
      },
      {
        "gid": "1208261247610894",
        "enabled": true,
        "enum_options": [
          {
            "gid": "1208261247610895",
            "color": "green",
            "enabled": true,
            "name": "Elementor",
            "resource_type": "enum_option"
          },
          {
            "gid": "1211578802041249",
            "color": "red",
            "enabled": true,
            "name": "Maintenance",
            "resource_type": "enum_option"
          },
          {
            "gid": "1208261247610896",
            "color": "yellow",
            "enabled": true,
            "name": "WooCommerce (Payment, Shipping, Products...)",
            "resource_type": "enum_option"
          },
          {
            "gid": "1208261247610897",
            "color": "yellow-green",
            "enabled": true,
            "name": "WordPress (Plugins, Posts...)",
            "resource_type": "enum_option"
          },
          {
            "gid": "1208261247610898",
            "color": "blue-green",
            "enabled": true,
            "name": "Server (Caching, Filesystem, Firewall...)",
            "resource_type": "enum_option"
          },
          {
            "gid": "1208261247610899",
            "color": "aqua",
            "enabled": true,
            "name": "Third Party (Emails, MailChimp...)",
            "resource_type": "enum_option"
          },
          {
            "gid": "1208261247610900",
            "color": "indigo",
            "enabled": true,
            "name": "Custom JavaScript",
            "resource_type": "enum_option"
          },
          {
            "gid": "1208261247610901",
            "color": "magenta",
            "enabled": true,
            "name": "Custom CSS",
            "resource_type": "enum_option"
          },
          {
            "gid": "1208261247610902",
            "color": "orange",
            "enabled": true,
            "name": "Custom PHP",
            "resource_type": "enum_option"
          },
          {
            "gid": "1208261247610903",
            "color": "hot-pink",
            "enabled": true,
            "name": "Domain (DNS, Forwarding...)",
            "resource_type": "enum_option"
          },
          {
            "gid": "1208261247610904",
            "color": "cool-gray",
            "enabled": true,
            "name": "Other (see description)",
            "resource_type": "enum_option"
          }
        ],
        "multi_enum_values": [],
        "name": "Properties",
        "description": "Specific attributes of this task that you should be expecting to touch",
        "created_by": {
          "gid": "1211479213851033",
          "name": "Josh McKenzie",
          "resource_type": "user"
        },
        "display_value": null,
        "resource_subtype": "multi_enum",
        "resource_type": "custom_field",
        "is_formula_field": false,
        "is_value_read_only": false,
        "type": "multi_enum"
      }
    ],
    "name": "Groundhog 500 Error on Elementor Page Update",
    "projects": [
      {
        "gid": "1204837872937252",
        "resource_type": "project"
      },
      {
        "gid": "1205784524386175",
        "resource_type": "project"
      }
    ],
    "first_activity_at": "2024-08-21T16:58:49.046Z"
  },
  {
    "gid": "1204837786040328",
    "completed": true,
    "completed_at": "2023-06-15T20:23:59.811Z",
    "created_at": "2023-06-15T20:23:09.012Z",
    "custom_fields": [
      {
        "gid": "1204456891952863",
        "enabled": true,
        "enum_options": [
          {
            "gid": "1204456891952864",
            "color": "red",
            "enabled": true,
            "name": "High",
            "resource_type": "enum_option"
          },
          {
            "gid": "1204456891952865",
            "color": "orange",
            "enabled": true,
            "name": "Medium",
            "resource_type": "enum_option"
          },
          {
            "gid": "1204456891952866",
            "color": "yellow-orange",
            "enabled": true,
            "name": "Low",
            "resource_type": "enum_option"
          }
        ],
        "enum_value": null,
        "name": "Priority",
        "description": "Asana-created. Track the priority of each task.",
        "created_by": null,
        "display_value": null,
        "resource_subtype": "enum",
        "resource_type": "custom_field",
        "is_formula_field": false,
        "is_value_read_only": false,
        "type": "enum"
      },
      {
        "gid": "1204456891952868",
        "enabled": true,
        "enum_options": [
          {
            "gid": "1204456891952869",
            "color": "blue",
            "enabled": true,
            "name": "Not Started",
            "resource_type": "enum_option"
          },
          {
            "gid": "1204456891952870",
            "color": "cool-gray",
            "enabled": true,
            "name": "In Progress",
            "resource_type": "enum_option"
          },
          {
            "gid": "1204456891952871",
            "color": "yellow",
            "enabled": true,
            "name": "Waiting",
            "resource_type": "enum_option"
          },
          {
            "gid": "1204456891952872",
            "color": "orange",
            "enabled": true,
            "name": "Deferred",
            "resource_type": "enum_option"
          },
          {
            "gid": "1204456891952873",
            "color": "blue-green",
            "enabled": true,
            "name": "Done",
            "resource_type": "enum_option"
          }
        ],
        "enum_value": {
          "gid": "1204456891952873",
          "color": "blue-green",
          "enabled": true,
          "name": "Done",
          "resource_type": "enum_option"
        },
        "name": "Task Progress",
        "description": "Asana-created. Track the progress of each task.",
        "created_by": null,
        "display_value": "Done",
        "resource_subtype": "enum",
        "resource_type": "custom_field",
        "is_formula_field": false,
        "is_value_read_only": false,
        "type": "enum"
      }
    ],
    "name": "Onboarding Meeting",
    "projects": [
      {
        "gid": "1204837872937252",
        "resource_type": "project"
      }
    ],
    "first_activity_at": "2023-06-15T20:23:09.813Z"
  },
  {
    "gid": "1204837786040334",
    "completed": true,
    "completed_at": "2024-02-08T15:50:52.365Z",
    "created_at": "2023-06-15T20:23:09.174Z",
    "custom_fields": [
      {
        "gid": "1204456891952863",
        "enabled": true,
        "enum_options": [
          {
            "gid": "1204456891952864",
            "color": "red",
            "enabled": true,
            "name": "High",
            "resource_type": "enum_option"
          },
          {
            "gid": "1204456891952865",
            "color": "orange",
            "enabled": true,
            "name": "Medium",
            "resource_type": "enum_option"
          },
          {
            "gid": "1204456891952866",
            "color": "yellow-orange",
            "enabled": true,
            "name": "Low",
            "resource_type": "enum_option"
          }
        ],
        "enum_value": null,
        "name": "Priority",
        "description": "Asana-created. Track the priority of each task.",
        "created_by": null,
        "display_value": null,
        "resource_subtype": "enum",
        "resource_type": "custom_field",
        "is_formula_field": false,
        "is_value_read_only": false,
        "type": "enum"
      },
      {
        "gid": "1204456891952868",
        "enabled": true,
        "enum_options": [
          {
            "gid": "1204456891952869",
            "color": "blue",
            "enabled": true,
            "name": "Not Started",
            "resource_type": "enum_option"
          },
          {
            "gid": "1204456891952870",
            "color": "cool-gray",
            "enabled": true,
            "name": "In Progress",
            "resource_type": "enum_option"
          },
          {
            "gid": "1204456891952871",
            "color": "yellow",
            "enabled": true,
            "name": "Waiting",
            "resource_type": "enum_option"
          },
          {
            "gid": "1204456891952872",
            "color": "orange",
            "enabled": true,
            "name": "Deferred",
            "resource_type": "enum_option"
          },
          {
            "gid": "1204456891952873",
            "color": "blue-green",
            "enabled": true,
            "name": "Done",
            "resource_type": "enum_option"
          }
        ],
        "enum_value": {
          "gid": "1204456891952873",
          "color": "blue-green",
          "enabled": true,
          "name": "Done",
          "resource_type": "enum_option"
        },
        "name": "Task Progress",
        "description": "Asana-created. Track the progress of each task.",
        "created_by": null,
        "display_value": "Done",
        "resource_subtype": "enum",
        "resource_type": "custom_field",
        "is_formula_field": false,
        "is_value_read_only": false,
        "type": "enum"
      }
    ],
    "name": "Gather All Material",
    "projects": [
      {
        "gid": "1204837872937252",
        "resource_type": "project"
      }
    ],
    "first_activity_at": "2023-06-15T20:23:09.891Z"
  },
  {
    "gid": "1204837786040340",
    "completed": true,
    "completed_at": "2023-06-30T16:36:32.763Z",
    "created_at": "2023-06-15T20:23:09.414Z",
    "custom_fields": [
      {
        "gid": "1204456891952863",
        "enabled": true,
        "enum_options": [
          {
            "gid": "1204456891952864",
            "color": "red",
            "enabled": true,
            "name": "High",
            "resource_type": "enum_option"
          },
          {
            "gid": "1204456891952865",
            "color": "orange",
            "enabled": true,
            "name": "Medium",
            "resource_type": "enum_option"
          },
          {
            "gid": "1204456891952866",
            "color": "yellow-orange",
            "enabled": true,
            "name": "Low",
            "resource_type": "enum_option"
          }
        ],
        "enum_value": null,
        "name": "Priority",
        "description": "Asana-created. Track the priority of each task.",
        "created_by": null,
        "display_value": null,
        "resource_subtype": "enum",
        "resource_type": "custom_field",
        "is_formula_field": false,
        "is_value_read_only": false,
        "type": "enum"
      },
      {
        "gid": "1204456891952868",
        "enabled": true,
        "enum_options": [
          {
            "gid": "1204456891952869",
            "color": "blue",
            "enabled": true,
            "name": "Not Started",
            "resource_type": "enum_option"
          },
          {
            "gid": "1204456891952870",
            "color": "cool-gray",
            "enabled": true,
            "name": "In Progress",
            "resource_type": "enum_option"
          },
          {
            "gid": "1204456891952871",
            "color": "yellow",
            "enabled": true,
            "name": "Waiting",
            "resource_type": "enum_option"
          },
          {
            "gid": "1204456891952872",
            "color": "orange",
            "enabled": true,
            "name": "Deferred",
            "resource_type": "enum_option"
          },
          {
            "gid": "1204456891952873",
            "color": "blue-green",
            "enabled": true,
            "name": "Done",
            "resource_type": "enum_option"
          }
        ],
        "enum_value": {
          "gid": "1204456891952873",
          "color": "blue-green",
          "enabled": true,
          "name": "Done",
          "resource_type": "enum_option"
        },
        "name": "Task Progress",
        "description": "Asana-created. Track the progress of each task.",
        "created_by": null,
        "display_value": "Done",
        "resource_subtype": "enum",
        "resource_type": "custom_field",
        "is_formula_field": false,
        "is_value_read_only": false,
        "type": "enum"
      }
    ],
    "name": "Written Content",
    "projects": [
      {
        "gid": "1204837872937252",
        "resource_type": "project"
      }
    ],
    "first_activity_at": "2023-06-15T20:23:09.849Z"
  },
  {
    "gid": "1204837786075832",
    "completed": true,
    "completed_at": "2023-06-15T20:25:28.354Z",
    "created_at": "2023-06-15T20:23:09.576Z",
    "custom_fields": [
      {
        "gid": "1204456891952863",
        "enabled": true,
        "enum_options": [
          {
            "gid": "1204456891952864",
            "color": "red",
            "enabled": true,
            "name": "High",
            "resource_type": "enum_option"
          },
          {
            "gid": "1204456891952865",
            "color": "orange",
            "enabled": true,
            "name": "Medium",
            "resource_type": "enum_option"
          },
          {
            "gid": "1204456891952866",
            "color": "yellow-orange",
            "enabled": true,
            "name": "Low",
            "resource_type": "enum_option"
          }
        ],
        "enum_value": null,
        "name": "Priority",
        "description": "Asana-created. Track the priority of each task.",
        "created_by": null,
        "display_value": null,
        "resource_subtype": "enum",
        "resource_type": "custom_field",
        "is_formula_field": false,
        "is_value_read_only": false,
        "type": "enum"
      },
      {
        "gid": "1204456891952868",
        "enabled": true,
        "enum_options": [
          {
            "gid": "1204456891952869",
            "color": "blue",
            "enabled": true,
            "name": "Not Started",
            "resource_type": "enum_option"
          },
          {
            "gid": "1204456891952870",
            "color": "cool-gray",
            "enabled": true,
            "name": "In Progress",
            "resource_type": "enum_option"
          },
          {
            "gid": "1204456891952871",
            "color": "yellow",
            "enabled": true,
            "name": "Waiting",
            "resource_type": "enum_option"
          },
          {
            "gid": "1204456891952872",
            "color": "orange",
            "enabled": true,
            "name": "Deferred",
            "resource_type": "enum_option"
          },
          {
            "gid": "1204456891952873",
            "color": "blue-green",
            "enabled": true,
            "name": "Done",
            "resource_type": "enum_option"
          }
        ],
        "enum_value": {
          "gid": "1204456891952873",
          "color": "blue-green",
          "enabled": true,
          "name": "Done",
          "resource_type": "enum_option"
        },
        "name": "Task Progress",
        "description": "Asana-created. Track the progress of each task.",
        "created_by": null,
        "display_value": "Done",
        "resource_subtype": "enum",
        "resource_type": "custom_field",
        "is_formula_field": false,
        "is_value_read_only": false,
        "type": "enum"
      }
    ],
    "name": "Design Brief",
    "projects": [
      {
        "gid": "1204837872937252",
        "resource_type": "project"
      }
    ],
    "first_activity_at": "2023-06-15T20:23:09.806Z"
  },
  {
    "gid": "1204837786075859",
    "completed": true,
    "completed_at": "2023-06-20T22:22:45.824Z",
    "created_at": "2023-06-15T20:23:10.848Z",
    "custom_fields": [
      {
        "gid": "1204456891952863",
        "enabled": true,
        "enum_options": [
          {
            "gid": "1204456891952864",
            "color": "red",
            "enabled": true,
            "name": "High",
            "resource_type": "enum_option"
          },
          {
            "gid": "1204456891952865",
            "color": "orange",
            "enabled": true,
            "name": "Medium",
            "resource_type": "enum_option"
          },
          {
            "gid": "1204456891952866",
            "color": "yellow-orange",
            "enabled": true,
            "name": "Low",
            "resource_type": "enum_option"
          }
        ],
        "enum_value": null,
        "name": "Priority",
        "description": "Asana-created. Track the priority of each task.",
        "created_by": null,
        "display_value": null,
        "resource_subtype": "enum",
        "resource_type": "custom_field",
        "is_formula_field": false,
        "is_value_read_only": false,
        "type": "enum"
      },
      {
        "gid": "1204456891952868",
        "enabled": true,
        "enum_options": [
          {
            "gid": "1204456891952869",
            "color": "blue",
            "enabled": true,
            "name": "Not Started",
            "resource_type": "enum_option"
          },
          {
            "gid": "1204456891952870",
            "color": "cool-gray",
            "enabled": true,
            "name": "In Progress",
            "resource_type": "enum_option"
          },
          {
            "gid": "1204456891952871",
            "color": "yellow",
            "enabled": true,
            "name": "Waiting",
            "resource_type": "enum_option"
          },
          {
            "gid": "1204456891952872",
            "color": "orange",
            "enabled": true,
            "name": "Deferred",
            "resource_type": "enum_option"
          },
          {
            "gid": "1204456891952873",
            "color": "blue-green",
            "enabled": true,
            "name": "Done",
            "resource_type": "enum_option"
          }
        ],
        "enum_value": {
          "gid": "1204456891952873",
          "color": "blue-green",
          "enabled": true,
          "name": "Done",
          "resource_type": "enum_option"
        },
        "name": "Task Progress",
        "description": "Asana-created. Track the progress of each task.",
        "created_by": null,
        "display_value": "Done",
        "resource_subtype": "enum",
        "resource_type": "custom_field",
        "is_formula_field": false,
        "is_value_read_only": false,
        "type": "enum"
      }
    ],
    "name": "Design Mockup",
    "projects": [
      {
        "gid": "1204837872937252",
        "resource_type": "project"
      }
    ],
    "first_activity_at": "2023-06-15T20:23:11.869Z"
  },
  {
    "gid": "1204837786117875",
    "completed": true,
    "completed_at": "2023-06-29T23:59:15.710Z",
    "created_at": "2023-06-15T20:23:11.075Z",
    "custom_fields": [
      {
        "gid": "1204456891952863",
        "enabled": true,
        "enum_options": [
          {
            "gid": "1204456891952864",
            "color": "red",
            "enabled": true,
            "name": "High",
            "resource_type": "enum_option"
          },
          {
            "gid": "1204456891952865",
            "color": "orange",
            "enabled": true,
            "name": "Medium",
            "resource_type": "enum_option"
          },
          {
            "gid": "1204456891952866",
            "color": "yellow-orange",
            "enabled": true,
            "name": "Low",
            "resource_type": "enum_option"
          }
        ],
        "enum_value": null,
        "name": "Priority",
        "description": "Asana-created. Track the priority of each task.",
        "created_by": null,
        "display_value": null,
        "resource_subtype": "enum",
        "resource_type": "custom_field",
        "is_formula_field": false,
        "is_value_read_only": false,
        "type": "enum"
      },
      {
        "gid": "1204456891952868",
        "enabled": true,
        "enum_options": [
          {
            "gid": "1204456891952869",
            "color": "blue",
            "enabled": true,
            "name": "Not Started",
            "resource_type": "enum_option"
          },
          {
            "gid": "1204456891952870",
            "color": "cool-gray",
            "enabled": true,
            "name": "In Progress",
            "resource_type": "enum_option"
          },
          {
            "gid": "1204456891952871",
            "color": "yellow",
            "enabled": true,
            "name": "Waiting",
            "resource_type": "enum_option"
          },
          {
            "gid": "1204456891952872",
            "color": "orange",
            "enabled": true,
            "name": "Deferred",
            "resource_type": "enum_option"
          },
          {
            "gid": "1204456891952873",
            "color": "blue-green",
            "enabled": true,
            "name": "Done",
            "resource_type": "enum_option"
          }
        ],
        "enum_value": {
          "gid": "1204456891952873",
          "color": "blue-green",
          "enabled": true,
          "name": "Done",
          "resource_type": "enum_option"
        },
        "name": "Task Progress",
        "description": "Asana-created. Track the progress of each task.",
        "created_by": null,
        "display_value": "Done",
        "resource_subtype": "enum",
        "resource_type": "custom_field",
        "is_formula_field": false,
        "is_value_read_only": false,
        "type": "enum"
      }
    ],
    "name": "Mockup Internal Review",
    "projects": [
      {
        "gid": "1204837872937252",
        "resource_type": "project"
      }
    ],
    "first_activity_at": "2023-06-15T20:23:11.864Z"
  },
  {
    "gid": "1204837786117881",
    "completed": true,
    "completed_at": "2023-06-30T00:01:49.794Z",
    "created_at": "2023-06-15T20:23:11.241Z",
    "custom_fields": [
      {
        "gid": "1204456891952863",
        "enabled": true,
        "enum_options": [
          {
            "gid": "1204456891952864",
            "color": "red",
            "enabled": true,
            "name": "High",
            "resource_type": "enum_option"
          },
          {
            "gid": "1204456891952865",
            "color": "orange",
            "enabled": true,
            "name": "Medium",
            "resource_type": "enum_option"
          },
          {
            "gid": "1204456891952866",
            "color": "yellow-orange",
            "enabled": true,
            "name": "Low",
            "resource_type": "enum_option"
          }
        ],
        "enum_value": null,
        "name": "Priority",
        "description": "Asana-created. Track the priority of each task.",
        "created_by": null,
        "display_value": null,
        "resource_subtype": "enum",
        "resource_type": "custom_field",
        "is_formula_field": false,
        "is_value_read_only": false,
        "type": "enum"
      },
      {
        "gid": "1204456891952868",
        "enabled": true,
        "enum_options": [
          {
            "gid": "1204456891952869",
            "color": "blue",
            "enabled": true,
            "name": "Not Started",
            "resource_type": "enum_option"
          },
          {
            "gid": "1204456891952870",
            "color": "cool-gray",
            "enabled": true,
            "name": "In Progress",
            "resource_type": "enum_option"
          },
          {
            "gid": "1204456891952871",
            "color": "yellow",
            "enabled": true,
            "name": "Waiting",
            "resource_type": "enum_option"
          },
          {
            "gid": "1204456891952872",
            "color": "orange",
            "enabled": true,
            "name": "Deferred",
            "resource_type": "enum_option"
          },
          {
            "gid": "1204456891952873",
            "color": "blue-green",
            "enabled": true,
            "name": "Done",
            "resource_type": "enum_option"
          }
        ],
        "enum_value": {
          "gid": "1204456891952873",
          "color": "blue-green",
          "enabled": true,
          "name": "Done",
          "resource_type": "enum_option"
        },
        "name": "Task Progress",
        "description": "Asana-created. Track the progress of each task.",
        "created_by": null,
        "display_value": "Done",
        "resource_subtype": "enum",
        "resource_type": "custom_field",
        "is_formula_field": false,
        "is_value_read_only": false,
        "type": "enum"
      }
    ],
    "name": "Internal Review Revisions",
    "projects": [
      {
        "gid": "1204837872937252",
        "resource_type": "project"
      }
    ],
    "first_activity_at": "2023-06-15T20:23:12.176Z"
  },
  {
    "gid": "1204837786117887",
    "completed": true,
    "completed_at": "2023-07-14T15:01:20.265Z",
    "created_at": "2023-06-15T20:23:11.477Z",
    "custom_fields": [
      {
        "gid": "1204456891952863",
        "enabled": true,
        "enum_options": [
          {
            "gid": "1204456891952864",
            "color": "red",
            "enabled": true,
            "name": "High",
            "resource_type": "enum_option"
          },
          {
            "gid": "1204456891952865",
            "color": "orange",
            "enabled": true,
            "name": "Medium",
            "resource_type": "enum_option"
          },
          {
            "gid": "1204456891952866",
            "color": "yellow-orange",
            "enabled": true,
            "name": "Low",
            "resource_type": "enum_option"
          }
        ],
        "enum_value": null,
        "name": "Priority",
        "description": "Asana-created. Track the priority of each task.",
        "created_by": null,
        "display_value": null,
        "resource_subtype": "enum",
        "resource_type": "custom_field",
        "is_formula_field": false,
        "is_value_read_only": false,
        "type": "enum"
      },
      {
        "gid": "1204456891952868",
        "enabled": true,
        "enum_options": [
          {
            "gid": "1204456891952869",
            "color": "blue",
            "enabled": true,
            "name": "Not Started",
            "resource_type": "enum_option"
          },
          {
            "gid": "1204456891952870",
            "color": "cool-gray",
            "enabled": true,
            "name": "In Progress",
            "resource_type": "enum_option"
          },
          {
            "gid": "1204456891952871",
            "color": "yellow",
            "enabled": true,
            "name": "Waiting",
            "resource_type": "enum_option"
          },
          {
            "gid": "1204456891952872",
            "color": "orange",
            "enabled": true,
            "name": "Deferred",
            "resource_type": "enum_option"
          },
          {
            "gid": "1204456891952873",
            "color": "blue-green",
            "enabled": true,
            "name": "Done",
            "resource_type": "enum_option"
          }
        ],
        "enum_value": {
          "gid": "1204456891952873",
          "color": "blue-green",
          "enabled": true,
          "name": "Done",
          "resource_type": "enum_option"
        },
        "name": "Task Progress",
        "description": "Asana-created. Track the progress of each task.",
        "created_by": null,
        "display_value": "Done",
        "resource_subtype": "enum",
        "resource_type": "custom_field",
        "is_formula_field": false,
        "is_value_read_only": false,
        "type": "enum"
      }
    ],
    "name": "Mockup Client Review",
    "projects": [
      {
        "gid": "1204837872937252",
        "resource_type": "project"
      }
    ],
    "first_activity_at": "2023-06-15T20:23:12.261Z"
  },
  {
    "gid": "1204837786117893",
    "completed": true,
    "completed_at": "2023-07-17T18:24:32.264Z",
    "created_at": "2023-06-15T20:23:11.663Z",
    "custom_fields": [
      {
        "gid": "1204456891952863",
        "enabled": true,
        "enum_options": [
          {
            "gid": "1204456891952864",
            "color": "red",
            "enabled": true,
            "name": "High",
            "resource_type": "enum_option"
          },
          {
            "gid": "1204456891952865",
            "color": "orange",
            "enabled": true,
            "name": "Medium",
            "resource_type": "enum_option"
          },
          {
            "gid": "1204456891952866",
            "color": "yellow-orange",
            "enabled": true,
            "name": "Low",
            "resource_type": "enum_option"
          }
        ],
        "enum_value": null,
        "name": "Priority",
        "description": "Asana-created. Track the priority of each task.",
        "created_by": null,
        "display_value": null,
        "resource_subtype": "enum",
        "resource_type": "custom_field",
        "is_formula_field": false,
        "is_value_read_only": false,
        "type": "enum"
      },
      {
        "gid": "1204456891952868",
        "enabled": true,
        "enum_options": [
          {
            "gid": "1204456891952869",
            "color": "blue",
            "enabled": true,
            "name": "Not Started",
            "resource_type": "enum_option"
          },
          {
            "gid": "1204456891952870",
            "color": "cool-gray",
            "enabled": true,
            "name": "In Progress",
            "resource_type": "enum_option"
          },
          {
            "gid": "1204456891952871",
            "color": "yellow",
            "enabled": true,
            "name": "Waiting",
            "resource_type": "enum_option"
          },
          {
            "gid": "1204456891952872",
            "color": "orange",
            "enabled": true,
            "name": "Deferred",
            "resource_type": "enum_option"
          },
          {
            "gid": "1204456891952873",
            "color": "blue-green",
            "enabled": true,
            "name": "Done",
            "resource_type": "enum_option"
          }
        ],
        "enum_value": {
          "gid": "1204456891952873",
          "color": "blue-green",
          "enabled": true,
          "name": "Done",
          "resource_type": "enum_option"
        },
        "name": "Task Progress",
        "description": "Asana-created. Track the progress of each task.",
        "created_by": null,
        "display_value": "Done",
        "resource_subtype": "enum",
        "resource_type": "custom_field",
        "is_formula_field": false,
        "is_value_read_only": false,
        "type": "enum"
      }
    ],
    "name": "Mockup Client Revisions",
    "projects": [
      {
        "gid": "1204837872937252",
        "resource_type": "project"
      }
    ],
    "first_activity_at": "2023-06-15T20:23:12.394Z"
  },
  {
    "gid": "1204837786146060",
    "completed": true,
    "completed_at": "2023-07-17T18:32:55.574Z",
    "created_at": "2023-06-15T20:23:12.557Z",
    "custom_fields": [
      {
        "gid": "1204456891952863",
        "enabled": true,
        "enum_options": [
          {
            "gid": "1204456891952864",
            "color": "red",
            "enabled": true,
            "name": "High",
            "resource_type": "enum_option"
          },
          {
            "gid": "1204456891952865",
            "color": "orange",
            "enabled": true,
            "name": "Medium",
            "resource_type": "enum_option"
          },
          {
            "gid": "1204456891952866",
            "color": "yellow-orange",
            "enabled": true,
            "name": "Low",
            "resource_type": "enum_option"
          }
        ],
        "enum_value": null,
        "name": "Priority",
        "description": "Asana-created. Track the priority of each task.",
        "created_by": null,
        "display_value": null,
        "resource_subtype": "enum",
        "resource_type": "custom_field",
        "is_formula_field": false,
        "is_value_read_only": false,
        "type": "enum"
      },
      {
        "gid": "1204456891952868",
        "enabled": true,
        "enum_options": [
          {
            "gid": "1204456891952869",
            "color": "blue",
            "enabled": true,
            "name": "Not Started",
            "resource_type": "enum_option"
          },
          {
            "gid": "1204456891952870",
            "color": "cool-gray",
            "enabled": true,
            "name": "In Progress",
            "resource_type": "enum_option"
          },
          {
            "gid": "1204456891952871",
            "color": "yellow",
            "enabled": true,
            "name": "Waiting",
            "resource_type": "enum_option"
          },
          {
            "gid": "1204456891952872",
            "color": "orange",
            "enabled": true,
            "name": "Deferred",
            "resource_type": "enum_option"
          },
          {
            "gid": "1204456891952873",
            "color": "blue-green",
            "enabled": true,
            "name": "Done",
            "resource_type": "enum_option"
          }
        ],
        "enum_value": {
          "gid": "1204456891952873",
          "color": "blue-green",
          "enabled": true,
          "name": "Done",
          "resource_type": "enum_option"
        },
        "name": "Task Progress",
        "description": "Asana-created. Track the progress of each task.",
        "created_by": null,
        "display_value": "Done",
        "resource_subtype": "enum",
        "resource_type": "custom_field",
        "is_formula_field": false,
        "is_value_read_only": false,
        "type": "enum"
      }
    ],
    "name": "Mockup Client Approval",
    "projects": [
      {
        "gid": "1204837872937252",
        "resource_type": "project"
      }
    ],
    "first_activity_at": "2023-06-15T20:23:12.999Z"
  },
  {
    "gid": "1204837786146066",
    "completed": true,
    "completed_at": "2023-07-20T14:04:44.693Z",
    "created_at": "2023-06-15T20:23:12.721Z",
    "custom_fields": [
      {
        "gid": "1204456891952863",
        "enabled": true,
        "enum_options": [
          {
            "gid": "1204456891952864",
            "color": "red",
            "enabled": true,
            "name": "High",
            "resource_type": "enum_option"
          },
          {
            "gid": "1204456891952865",
            "color": "orange",
            "enabled": true,
            "name": "Medium",
            "resource_type": "enum_option"
          },
          {
            "gid": "1204456891952866",
            "color": "yellow-orange",
            "enabled": true,
            "name": "Low",
            "resource_type": "enum_option"
          }
        ],
        "enum_value": null,
        "name": "Priority",
        "description": "Asana-created. Track the priority of each task.",
        "created_by": null,
        "display_value": null,
        "resource_subtype": "enum",
        "resource_type": "custom_field",
        "is_formula_field": false,
        "is_value_read_only": false,
        "type": "enum"
      },
      {
        "gid": "1204456891952868",
        "enabled": true,
        "enum_options": [
          {
            "gid": "1204456891952869",
            "color": "blue",
            "enabled": true,
            "name": "Not Started",
            "resource_type": "enum_option"
          },
          {
            "gid": "1204456891952870",
            "color": "cool-gray",
            "enabled": true,
            "name": "In Progress",
            "resource_type": "enum_option"
          },
          {
            "gid": "1204456891952871",
            "color": "yellow",
            "enabled": true,
            "name": "Waiting",
            "resource_type": "enum_option"
          },
          {
            "gid": "1204456891952872",
            "color": "orange",
            "enabled": true,
            "name": "Deferred",
            "resource_type": "enum_option"
          },
          {
            "gid": "1204456891952873",
            "color": "blue-green",
            "enabled": true,
            "name": "Done",
            "resource_type": "enum_option"
          }
        ],
        "enum_value": {
          "gid": "1204456891952873",
          "color": "blue-green",
          "enabled": true,
          "name": "Done",
          "resource_type": "enum_option"
        },
        "name": "Task Progress",
        "description": "Asana-created. Track the progress of each task.",
        "created_by": null,
        "display_value": "Done",
        "resource_subtype": "enum",
        "resource_type": "custom_field",
        "is_formula_field": false,
        "is_value_read_only": false,
        "type": "enum"
      }
    ],
    "name": "Gather Photos and Assets into Google Folder",
    "projects": [
      {
        "gid": "1204837872937252",
        "resource_type": "project"
      }
    ],
    "first_activity_at": "2023-06-26T14:43:40.789Z"
  },
  {
    "gid": "1204837786146075",
    "completed": true,
    "completed_at": "2023-08-08T15:27:14.637Z",
    "created_at": "2023-06-15T20:23:13.132Z",
    "custom_fields": [
      {
        "gid": "1204456891952863",
        "enabled": true,
        "enum_options": [
          {
            "gid": "1204456891952864",
            "color": "red",
            "enabled": true,
            "name": "High",
            "resource_type": "enum_option"
          },
          {
            "gid": "1204456891952865",
            "color": "orange",
            "enabled": true,
            "name": "Medium",
            "resource_type": "enum_option"
          },
          {
            "gid": "1204456891952866",
            "color": "yellow-orange",
            "enabled": true,
            "name": "Low",
            "resource_type": "enum_option"
          }
        ],
        "enum_value": null,
        "name": "Priority",
        "description": "Asana-created. Track the priority of each task.",
        "created_by": null,
        "display_value": null,
        "resource_subtype": "enum",
        "resource_type": "custom_field",
        "is_formula_field": false,
        "is_value_read_only": false,
        "type": "enum"
      },
      {
        "gid": "1204456891952868",
        "enabled": true,
        "enum_options": [
          {
            "gid": "1204456891952869",
            "color": "blue",
            "enabled": true,
            "name": "Not Started",
            "resource_type": "enum_option"
          },
          {
            "gid": "1204456891952870",
            "color": "cool-gray",
            "enabled": true,
            "name": "In Progress",
            "resource_type": "enum_option"
          },
          {
            "gid": "1204456891952871",
            "color": "yellow",
            "enabled": true,
            "name": "Waiting",
            "resource_type": "enum_option"
          },
          {
            "gid": "1204456891952872",
            "color": "orange",
            "enabled": true,
            "name": "Deferred",
            "resource_type": "enum_option"
          },
          {
            "gid": "1204456891952873",
            "color": "blue-green",
            "enabled": true,
            "name": "Done",
            "resource_type": "enum_option"
          }
        ],
        "enum_value": {
          "gid": "1204456891952873",
          "color": "blue-green",
          "enabled": true,
          "name": "Done",
          "resource_type": "enum_option"
        },
        "name": "Task Progress",
        "description": "Asana-created. Track the progress of each task.",
        "created_by": null,
        "display_value": "Done",
        "resource_subtype": "enum",
        "resource_type": "custom_field",
        "is_formula_field": false,
        "is_value_read_only": false,
        "type": "enum"
      }
    ],
    "name": "Development",
    "projects": [
      {
        "gid": "1204837872937252",
        "resource_type": "project"
      }
    ],
    "first_activity_at": "2023-06-15T20:23:17.720Z"
  },
  {
    "gid": "1204837786192882",
    "completed": true,
    "completed_at": "2023-08-07T17:12:02.981Z",
    "created_at": "2023-06-15T20:23:13.436Z",
    "custom_fields": [
      {
        "gid": "1204456891952863",
        "enabled": true,
        "enum_options": [
          {
            "gid": "1204456891952864",
            "color": "red",
            "enabled": true,
            "name": "High",
            "resource_type": "enum_option"
          },
          {
            "gid": "1204456891952865",
            "color": "orange",
            "enabled": true,
            "name": "Medium",
            "resource_type": "enum_option"
          },
          {
            "gid": "1204456891952866",
            "color": "yellow-orange",
            "enabled": true,
            "name": "Low",
            "resource_type": "enum_option"
          }
        ],
        "enum_value": null,
        "name": "Priority",
        "description": "Asana-created. Track the priority of each task.",
        "created_by": null,
        "display_value": null,
        "resource_subtype": "enum",
        "resource_type": "custom_field",
        "is_formula_field": false,
        "is_value_read_only": false,
        "type": "enum"
      },
      {
        "gid": "1204456891952868",
        "enabled": true,
        "enum_options": [
          {
            "gid": "1204456891952869",
            "color": "blue",
            "enabled": true,
            "name": "Not Started",
            "resource_type": "enum_option"
          },
          {
            "gid": "1204456891952870",
            "color": "cool-gray",
            "enabled": true,
            "name": "In Progress",
            "resource_type": "enum_option"
          },
          {
            "gid": "1204456891952871",
            "color": "yellow",
            "enabled": true,
            "name": "Waiting",
            "resource_type": "enum_option"
          },
          {
            "gid": "1204456891952872",
            "color": "orange",
            "enabled": true,
            "name": "Deferred",
            "resource_type": "enum_option"
          },
          {
            "gid": "1204456891952873",
            "color": "blue-green",
            "enabled": true,
            "name": "Done",
            "resource_type": "enum_option"
          }
        ],
        "enum_value": {
          "gid": "1204456891952873",
          "color": "blue-green",
          "enabled": true,
          "name": "Done",
          "resource_type": "enum_option"
        },
        "name": "Task Progress",
        "description": "Asana-created. Track the progress of each task.",
        "created_by": null,
        "display_value": "Done",
        "resource_subtype": "enum",
        "resource_type": "custom_field",
        "is_formula_field": false,
        "is_value_read_only": false,
        "type": "enum"
      }
    ],
    "name": "Development Internal Review",
    "projects": [
      {
        "gid": "1204837872937252",
        "resource_type": "project"
      }
    ],
    "first_activity_at": "2023-06-15T20:23:17.666Z"
  },
  {
    "gid": "1205223146578782",
    "completed": true,
    "completed_at": "2023-08-15T20:52:13.655Z",
    "created_at": "2023-08-07T18:00:12.166Z",
    "custom_fields": [
      {
        "gid": "1204456891952863",
        "enabled": true,
        "enum_options": [
          {
            "gid": "1204456891952864",
            "color": "red",
            "enabled": true,
            "name": "High",
            "resource_type": "enum_option"
          },
          {
            "gid": "1204456891952865",
            "color": "orange",
            "enabled": true,
            "name": "Medium",
            "resource_type": "enum_option"
          },
          {
            "gid": "1204456891952866",
            "color": "yellow-orange",
            "enabled": true,
            "name": "Low",
            "resource_type": "enum_option"
          }
        ],
        "enum_value": null,
        "name": "Priority",
        "description": "Asana-created. Track the priority of each task.",
        "created_by": null,
        "display_value": null,
        "resource_subtype": "enum",
        "resource_type": "custom_field",
        "is_formula_field": false,
        "is_value_read_only": false,
        "type": "enum"
      },
      {
        "gid": "1204456891952868",
        "enabled": true,
        "enum_options": [
          {
            "gid": "1204456891952869",
            "color": "blue",
            "enabled": true,
            "name": "Not Started",
            "resource_type": "enum_option"
          },
          {
            "gid": "1204456891952870",
            "color": "cool-gray",
            "enabled": true,
            "name": "In Progress",
            "resource_type": "enum_option"
          },
          {
            "gid": "1204456891952871",
            "color": "yellow",
            "enabled": true,
            "name": "Waiting",
            "resource_type": "enum_option"
          },
          {
            "gid": "1204456891952872",
            "color": "orange",
            "enabled": true,
            "name": "Deferred",
            "resource_type": "enum_option"
          },
          {
            "gid": "1204456891952873",
            "color": "blue-green",
            "enabled": true,
            "name": "Done",
            "resource_type": "enum_option"
          }
        ],
        "enum_value": {
          "gid": "1204456891952873",
          "color": "blue-green",
          "enabled": true,
          "name": "Done",
          "resource_type": "enum_option"
        },
        "name": "Task Progress",
        "description": "Asana-created. Track the progress of each task.",
        "created_by": null,
        "display_value": "Done",
        "resource_subtype": "enum",
        "resource_type": "custom_field",
        "is_formula_field": false,
        "is_value_read_only": false,
        "type": "enum"
      }
    ],
    "name": "Development Internal Review Revisions",
    "projects": [
      {
        "gid": "1204837872937252",
        "resource_type": "project"
      }
    ],
    "first_activity_at": "2023-08-07T18:00:26.780Z"
  },
  {
    "gid": "1204837786192888",
    "completed": true,
    "completed_at": "2023-08-17T16:53:15.273Z",
    "created_at": "2023-06-15T20:23:13.675Z",
    "custom_fields": [
      {
        "gid": "1204456891952863",
        "enabled": true,
        "enum_options": [
          {
            "gid": "1204456891952864",
            "color": "red",
            "enabled": true,
            "name": "High",
            "resource_type": "enum_option"
          },
          {
            "gid": "1204456891952865",
            "color": "orange",
            "enabled": true,
            "name": "Medium",
            "resource_type": "enum_option"
          },
          {
            "gid": "1204456891952866",
            "color": "yellow-orange",
            "enabled": true,
            "name": "Low",
            "resource_type": "enum_option"
          }
        ],
        "enum_value": null,
        "name": "Priority",
        "description": "Asana-created. Track the priority of each task.",
        "created_by": null,
        "display_value": null,
        "resource_subtype": "enum",
        "resource_type": "custom_field",
        "is_formula_field": false,
        "is_value_read_only": false,
        "type": "enum"
      },
      {
        "gid": "1204456891952868",
        "enabled": true,
        "enum_options": [
          {
            "gid": "1204456891952869",
            "color": "blue",
            "enabled": true,
            "name": "Not Started",
            "resource_type": "enum_option"
          },
          {
            "gid": "1204456891952870",
            "color": "cool-gray",
            "enabled": true,
            "name": "In Progress",
            "resource_type": "enum_option"
          },
          {
            "gid": "1204456891952871",
            "color": "yellow",
            "enabled": true,
            "name": "Waiting",
            "resource_type": "enum_option"
          },
          {
            "gid": "1204456891952872",
            "color": "orange",
            "enabled": true,
            "name": "Deferred",
            "resource_type": "enum_option"
          },
          {
            "gid": "1204456891952873",
            "color": "blue-green",
            "enabled": true,
            "name": "Done",
            "resource_type": "enum_option"
          }
        ],
        "enum_value": {
          "gid": "1204456891952873",
          "color": "blue-green",
          "enabled": true,
          "name": "Done",
          "resource_type": "enum_option"
        },
        "name": "Task Progress",
        "description": "Asana-created. Track the progress of each task.",
        "created_by": null,
        "display_value": "Done",
        "resource_subtype": "enum",
        "resource_type": "custom_field",
        "is_formula_field": false,
        "is_value_read_only": false,
        "type": "enum"
      }
    ],
    "name": "Development Client Review",
    "projects": [
      {
        "gid": "1204837872937252",
        "resource_type": "project"
      }
    ],
    "first_activity_at": "2023-06-15T20:23:17.872Z"
  },
  {
    "gid": "1204837786192894",
    "completed": true,
    "completed_at": "2023-08-17T16:53:17.925Z",
    "created_at": "2023-06-15T20:23:13.903Z",
    "custom_fields": [
      {
        "gid": "1204456891952863",
        "enabled": true,
        "enum_options": [
          {
            "gid": "1204456891952864",
            "color": "red",
            "enabled": true,
            "name": "High",
            "resource_type": "enum_option"
          },
          {
            "gid": "1204456891952865",
            "color": "orange",
            "enabled": true,
            "name": "Medium",
            "resource_type": "enum_option"
          },
          {
            "gid": "1204456891952866",
            "color": "yellow-orange",
            "enabled": true,
            "name": "Low",
            "resource_type": "enum_option"
          }
        ],
        "enum_value": null,
        "name": "Priority",
        "description": "Asana-created. Track the priority of each task.",
        "created_by": null,
        "display_value": null,
        "resource_subtype": "enum",
        "resource_type": "custom_field",
        "is_formula_field": false,
        "is_value_read_only": false,
        "type": "enum"
      },
      {
        "gid": "1204456891952868",
        "enabled": true,
        "enum_options": [
          {
            "gid": "1204456891952869",
            "color": "blue",
            "enabled": true,
            "name": "Not Started",
            "resource_type": "enum_option"
          },
          {
            "gid": "1204456891952870",
            "color": "cool-gray",
            "enabled": true,
            "name": "In Progress",
            "resource_type": "enum_option"
          },
          {
            "gid": "1204456891952871",
            "color": "yellow",
            "enabled": true,
            "name": "Waiting",
            "resource_type": "enum_option"
          },
          {
            "gid": "1204456891952872",
            "color": "orange",
            "enabled": true,
            "name": "Deferred",
            "resource_type": "enum_option"
          },
          {
            "gid": "1204456891952873",
            "color": "blue-green",
            "enabled": true,
            "name": "Done",
            "resource_type": "enum_option"
          }
        ],
        "enum_value": {
          "gid": "1204456891952873",
          "color": "blue-green",
          "enabled": true,
          "name": "Done",
          "resource_type": "enum_option"
        },
        "name": "Task Progress",
        "description": "Asana-created. Track the progress of each task.",
        "created_by": null,
        "display_value": "Done",
        "resource_subtype": "enum",
        "resource_type": "custom_field",
        "is_formula_field": false,
        "is_value_read_only": false,
        "type": "enum"
      }
    ],
    "name": "Development Client Approval",
    "projects": [
      {
        "gid": "1204837872937252",
        "resource_type": "project"
      }
    ],
    "first_activity_at": "2023-06-15T20:23:18.044Z"
  },
  {
    "gid": "1204837933187664",
    "completed": true,
    "completed_at": "2023-08-21T07:54:36.000Z",
    "created_at": "2023-06-15T20:23:18.242Z",
    "custom_fields": [
      {
        "gid": "1204456891952863",
        "enabled": true,
        "enum_options": [
          {
            "gid": "1204456891952864",
            "color": "red",
            "enabled": true,
            "name": "High",
            "resource_type": "enum_option"
          },
          {
            "gid": "1204456891952865",
            "color": "orange",
            "enabled": true,
            "name": "Medium",
            "resource_type": "enum_option"
          },
          {
            "gid": "1204456891952866",
            "color": "yellow-orange",
            "enabled": true,
            "name": "Low",
            "resource_type": "enum_option"
          }
        ],
        "enum_value": null,
        "name": "Priority",
        "description": "Asana-created. Track the priority of each task.",
        "created_by": null,
        "display_value": null,
        "resource_subtype": "enum",
        "resource_type": "custom_field",
        "is_formula_field": false,
        "is_value_read_only": false,
        "type": "enum"
      },
      {
        "gid": "1204456891952868",
        "enabled": true,
        "enum_options": [
          {
            "gid": "1204456891952869",
            "color": "blue",
            "enabled": true,
            "name": "Not Started",
            "resource_type": "enum_option"
          },
          {
            "gid": "1204456891952870",
            "color": "cool-gray",
            "enabled": true,
            "name": "In Progress",
            "resource_type": "enum_option"
          },
          {
            "gid": "1204456891952871",
            "color": "yellow",
            "enabled": true,
            "name": "Waiting",
            "resource_type": "enum_option"
          },
          {
            "gid": "1204456891952872",
            "color": "orange",
            "enabled": true,
            "name": "Deferred",
            "resource_type": "enum_option"
          },
          {
            "gid": "1204456891952873",
            "color": "blue-green",
            "enabled": true,
            "name": "Done",
            "resource_type": "enum_option"
          }
        ],
        "enum_value": {
          "gid": "1204456891952873",
          "color": "blue-green",
          "enabled": true,
          "name": "Done",
          "resource_type": "enum_option"
        },
        "name": "Task Progress",
        "description": "Asana-created. Track the progress of each task.",
        "created_by": null,
        "display_value": "Done",
        "resource_subtype": "enum",
        "resource_type": "custom_field",
        "is_formula_field": false,
        "is_value_read_only": false,
        "type": "enum"
      }
    ],
    "name": "Launch",
    "projects": [
      {
        "gid": "1204837872937252",
        "resource_type": "project"
      }
    ],
    "first_activity_at": "2023-06-15T20:23:18.785Z"
  },
  {
    "gid": "1204837933187670",
    "completed": true,
    "completed_at": "2023-09-05T20:48:20.013Z",
    "created_at": "2023-06-15T20:23:18.540Z",
    "custom_fields": [
      {
        "gid": "1204456891952863",
        "enabled": true,
        "enum_options": [
          {
            "gid": "1204456891952864",
            "color": "red",
            "enabled": true,
            "name": "High",
            "resource_type": "enum_option"
          },
          {
            "gid": "1204456891952865",
            "color": "orange",
            "enabled": true,
            "name": "Medium",
            "resource_type": "enum_option"
          },
          {
            "gid": "1204456891952866",
            "color": "yellow-orange",
            "enabled": true,
            "name": "Low",
            "resource_type": "enum_option"
          }
        ],
        "enum_value": null,
        "name": "Priority",
        "description": "Asana-created. Track the priority of each task.",
        "created_by": null,
        "display_value": null,
        "resource_subtype": "enum",
        "resource_type": "custom_field",
        "is_formula_field": false,
        "is_value_read_only": false,
        "type": "enum"
      },
      {
        "gid": "1204456891952868",
        "enabled": true,
        "enum_options": [
          {
            "gid": "1204456891952869",
            "color": "blue",
            "enabled": true,
            "name": "Not Started",
            "resource_type": "enum_option"
          },
          {
            "gid": "1204456891952870",
            "color": "cool-gray",
            "enabled": true,
            "name": "In Progress",
            "resource_type": "enum_option"
          },
          {
            "gid": "1204456891952871",
            "color": "yellow",
            "enabled": true,
            "name": "Waiting",
            "resource_type": "enum_option"
          },
          {
            "gid": "1204456891952872",
            "color": "orange",
            "enabled": true,
            "name": "Deferred",
            "resource_type": "enum_option"
          },
          {
            "gid": "1204456891952873",
            "color": "blue-green",
            "enabled": true,
            "name": "Done",
            "resource_type": "enum_option"
          }
        ],
        "enum_value": {
          "gid": "1204456891952873",
          "color": "blue-green",
          "enabled": true,
          "name": "Done",
          "resource_type": "enum_option"
        },
        "name": "Task Progress",
        "description": "Asana-created. Track the progress of each task.",
        "created_by": null,
        "display_value": "Done",
        "resource_subtype": "enum",
        "resource_type": "custom_field",
        "is_formula_field": false,
        "is_value_read_only": false,
        "type": "enum"
      }
    ],
    "name": "Training Videos",
    "projects": [
      {
        "gid": "1204837872937252",
        "resource_type": "project"
      }
    ],
    "first_activity_at": "2023-06-15T20:23:18.779Z"
  },
  {
    "gid": "1206466243367664",
    "completed": true,
    "completed_at": "2024-06-03T12:49:57.859Z",
    "created_at": "2024-01-29T16:09:57.683Z",
    "custom_fields": [
      {
        "gid": "1204456891952863",
        "enabled": true,
        "enum_options": [
          {
            "gid": "1204456891952864",
            "color": "red",
            "enabled": true,
            "name": "High",
            "resource_type": "enum_option"
          },
          {
            "gid": "1204456891952865",
            "color": "orange",
            "enabled": true,
            "name": "Medium",
            "resource_type": "enum_option"
          },
          {
            "gid": "1204456891952866",
            "color": "yellow-orange",
            "enabled": true,
            "name": "Low",
            "resource_type": "enum_option"
          }
        ],
        "enum_value": null,
        "name": "Priority",
        "description": "Asana-created. Track the priority of each task.",
        "created_by": null,
        "display_value": null,
        "resource_subtype": "enum",
        "resource_type": "custom_field",
        "is_formula_field": false,
        "is_value_read_only": false,
        "type": "enum"
      },
      {
        "gid": "1204456891952868",
        "enabled": true,
        "enum_options": [
          {
            "gid": "1204456891952869",
            "color": "blue",
            "enabled": true,
            "name": "Not Started",
            "resource_type": "enum_option"
          },
          {
            "gid": "1204456891952870",
            "color": "cool-gray",
            "enabled": true,
            "name": "In Progress",
            "resource_type": "enum_option"
          },
          {
            "gid": "1204456891952871",
            "color": "yellow",
            "enabled": true,
            "name": "Waiting",
            "resource_type": "enum_option"
          },
          {
            "gid": "1204456891952872",
            "color": "orange",
            "enabled": true,
            "name": "Deferred",
            "resource_type": "enum_option"
          },
          {
            "gid": "1204456891952873",
            "color": "blue-green",
            "enabled": true,
            "name": "Done",
            "resource_type": "enum_option"
          }
        ],
        "enum_value": {
          "gid": "1204456891952873",
          "color": "blue-green",
          "enabled": true,
          "name": "Done",
          "resource_type": "enum_option"
        },
        "name": "Task Progress",
        "description": "Asana-created. Track the progress of each task.",
        "created_by": null,
        "display_value": "Done",
        "resource_subtype": "enum",
        "resource_type": "custom_field",
        "is_formula_field": false,
        "is_value_read_only": false,
        "type": "enum"
      }
    ],
    "name": "Inventory Management System",
    "projects": [
      {
        "gid": "1204837872937252",
        "resource_type": "project"
      }
    ],
    "first_activity_at": "2024-01-29T16:25:59.475Z"
  }
]