[
  {
    "gid": "1204795295125933",
    "completed": true,
    "completed_at": "2023-06-26T13:16:40.755Z",
    "created_at": "2023-06-09T16:37:59.178Z",
    "custom_fields": [],
    "name": "\"Delivery or Pickup\" Popup",
    "projects": [
      {
        "gid": "1204489818160892",
        "resource_type": "project"
      }
    ],
    "first_activity_at": "2023-06-09T16:38:45.622Z"
  },
  {
    "gid": "1204489818509055",
    "completed": true,
    "completed_at": "2023-06-09T17:31:22.265Z",
    "created_at": "2023-04-28T00:40:20.992Z",
    "custom_fields": [],
    "name": "Edible Category",
    "projects": [
      {
        "gid": "1204489818160892",
        "resource_type": "project"
      }
    ],
    "first_activity_at": "2023-04-28T00:44:59.520Z"
  },
  {
    "gid": "1204790032011622",
    "completed": true,
    "completed_at": "2023-06-09T19:42:28.253Z",
    "created_at": "2023-06-09T14:12:56.240Z",
    "custom_fields": [],
    "name": "New Updates PDF",
    "projects": [
      {
        "gid": "1204489818160892",
        "resource_type": "project"
      }
    ],
    "first_activity_at": "2023-06-09T14:15:11.145Z"
  },
  {
    "gid": "1204489818509064",
    "completed": true,
    "completed_at": "2023-06-09T17:31:45.179Z",
    "created_at": "2023-04-28T00:42:01.967Z",
    "custom_fields": [],
    "name": "Etc.. Category",
    "projects": [
      {
        "gid": "1204489818160892",
        "resource_type": "project"
      }
    ],
    "first_activity_at": "2023-04-28T00:45:04.334Z"
  },
  {
    "gid": "1204489818509061",
    "completed": true,
    "completed_at": "2023-06-09T17:31:27.500Z",
    "created_at": "2023-04-28T00:41:43.747Z",
    "custom_fields": [],
    "name": "Vapes Category",
    "projects": [
      {
        "gid": "1204489818160892",
        "resource_type": "project"
      }
    ],
    "first_activity_at": "2023-04-28T00:45:02.770Z"
  },
  {
    "gid": "1204489818509058",
    "completed": true,
    "completed_at": "2023-06-09T17:31:25.383Z",
    "created_at": "2023-04-28T00:41:12.773Z",
    "custom_fields": [],
    "name": "Concentrates Page",
    "projects": [
      {
        "gid": "1204489818160892",
        "resource_type": "project"
      }
    ],
    "first_activity_at": "2023-04-28T00:45:01.140Z"
  },
  {
    "gid": "1204489818509052",
    "completed": true,
    "completed_at": "2023-06-09T17:31:17.777Z",
    "created_at": "2023-04-28T00:39:33.485Z",
    "custom_fields": [],
    "name": "Flower Category",
    "projects": [
      {
        "gid": "1204489818160892",
        "resource_type": "project"
      }
    ],
    "first_activity_at": "2023-04-28T00:44:57.898Z"
  },
  {
    "gid": "1204795295125923",
    "completed": true,
    "completed_at": "2023-06-09T17:32:06.556Z",
    "created_at": "2023-06-09T15:32:47.258Z",
    "custom_fields": [],
    "name": "Add a \"Order and Delivery\" Page",
    "projects": [
      {
        "gid": "1204489818160892",
        "resource_type": "project"
      }
    ],
    "first_activity_at": "2023-06-09T15:46:02.883Z"
  },
  {
    "gid": "1204794196451235",
    "completed": true,
    "completed_at": "2023-06-09T14:54:24.227Z",
    "created_at": "2023-06-09T14:41:46.021Z",
    "custom_fields": [],
    "name": "Featured Gifts",
    "projects": [
      {
        "gid": "1204489818160892",
        "resource_type": "project"
      }
    ],
    "first_activity_at": "2023-06-09T14:42:17.000Z"
  },
  {
    "gid": "1204489818509068",
    "completed": true,
    "completed_at": "2023-06-09T14:43:44.159Z",
    "created_at": "2023-04-28T00:43:11.319Z",
    "custom_fields": [],
    "name": "Chat Function",
    "projects": [
      {
        "gid": "1204489818160892",
        "resource_type": "project"
      }
    ],
    "first_activity_at": "2023-04-28T00:45:05.975Z"
  },
  {
    "gid": "1204489818160915",
    "completed": true,
    "completed_at": "2023-04-28T17:43:42.081Z",
    "created_at": "2023-04-27T19:40:14.164Z",
    "custom_fields": [],
    "name": "In-Store Shopping Page",
    "projects": [
      {
        "gid": "1204489818160892",
        "resource_type": "project"
      }
    ],
    "first_activity_at": "2023-04-28T00:44:54.606Z"
  },
  {
    "gid": "1204489818160911",
    "completed": true,
    "completed_at": "2023-04-28T17:41:25.201Z",
    "created_at": "2023-04-27T19:36:51.579Z",
    "custom_fields": [],
    "name": "Vapes Page",
    "projects": [
      {
        "gid": "1204489818160892",
        "resource_type": "project"
      }
    ],
    "first_activity_at": "2023-04-27T19:38:41.269Z"
  },
  {
    "gid": "1204489818160907",
    "completed": true,
    "completed_at": "2023-04-28T17:35:27.580Z",
    "created_at": "2023-04-27T19:36:07.693Z",
    "custom_fields": [],
    "name": "Concentrates Page",
    "projects": [
      {
        "gid": "1204489818160892",
        "resource_type": "project"
      }
    ],
    "first_activity_at": "2023-04-28T00:44:51.678Z"
  },
  {
    "gid": "1204489818160905",
    "completed": true,
    "completed_at": "2023-04-28T17:33:02.620Z",
    "created_at": "2023-04-27T19:35:05.504Z",
    "custom_fields": [],
    "name": "Edibles Page",
    "projects": [
      {
        "gid": "1204489818160892",
        "resource_type": "project"
      }
    ],
    "first_activity_at": "2023-04-28T00:44:45.995Z"
  },
  {
    "gid": "1204489818160903",
    "completed": true,
    "completed_at": "2023-04-28T15:45:10.919Z",
    "created_at": "2023-04-27T19:34:04.768Z",
    "custom_fields": [],
    "name": "Flower Bud Page",
    "projects": [
      {
        "gid": "1204489818160892",
        "resource_type": "project"
      }
    ],
    "first_activity_at": "2023-04-28T00:44:44.241Z"
  },
  {
    "gid": "1204489818160899",
    "completed": true,
    "completed_at": "2023-04-28T15:31:47.260Z",
    "created_at": "2023-04-27T19:32:50.858Z",
    "custom_fields": [],
    "name": "Gifts & Products section on homepage",
    "projects": [
      {
        "gid": "1204489818160892",
        "resource_type": "project"
      }
    ],
    "first_activity_at": "2023-04-28T00:44:42.531Z"
  },
  {
    "gid": "1204489818509066",
    "completed": true,
    "completed_at": "2023-04-28T15:27:37.138Z",
    "created_at": "2023-04-28T00:42:30.720Z",
    "custom_fields": [],
    "name": "Contact Us Page",
    "projects": [
      {
        "gid": "1204489818160892",
        "resource_type": "project"
      }
    ],
    "first_activity_at": "2023-04-28T00:44:40.528Z"
  },
  {
    "gid": "1204489818160895",
    "completed": true,
    "completed_at": "2023-04-28T15:14:13.502Z",
    "created_at": "2023-04-27T19:31:58.213Z",
    "custom_fields": [],
    "name": "Update Menu",
    "projects": [
      {
        "gid": "1204489818160892",
        "resource_type": "project"
      }
    ],
    "first_activity_at": "2023-04-28T00:44:37.987Z"
  },
  {
    "gid": "1204702628599998",
    "completed": true,
    "completed_at": "2023-06-08T17:59:04.910Z",
    "created_at": "2023-06-07T11:58:49.989Z",
    "custom_fields": [],
    "name": "Cart on/off functionality ",
    "projects": [
      {
        "gid": "1204489818160892",
        "resource_type": "project"
      }
    ],
    "first_activity_at": "2023-06-07T12:00:03.528Z"
  }
]