[
  {
    "gid": "1205000226894100",
    "completed": true,
    "completed_at": "2023-07-11T16:19:33.178Z",
    "created_at": "2023-07-10T20:29:30.154Z",
    "custom_fields": [],
    "name": "Create \"About Us\" Page",
    "projects": [
      {
        "gid": "1204571851534871",
        "resource_type": "project"
      }
    ],
    "first_activity_at": "2023-07-10T20:30:30.703Z"
  },
  {
    "gid": "1205000226894073",
    "completed": true,
    "completed_at": "2023-07-10T19:28:12.127Z",
    "created_at": "2023-07-10T18:51:32.453Z",
    "custom_fields": [],
    "name": "Add Photos",
    "projects": [
      {
        "gid": "1204571851534871",
        "resource_type": "project"
      }
    ],
    "first_activity_at": "2023-07-10T18:52:20.778Z"
  },
  {
    "gid": "1204571851534875",
    "completed": true,
    "completed_at": "2023-05-12T16:25:06.308Z",
    "created_at": "2023-05-12T14:12:45.774Z",
    "custom_fields": [],
    "name": "Office Chairs Tab",
    "projects": [
      {
        "gid": "1204571851534871",
        "resource_type": "project"
      }
    ],
    "first_activity_at": "2023-05-12T14:17:34.311Z"
  },
  {
    "gid": "1204571851534880",
    "completed": true,
    "completed_at": "2023-05-12T19:28:42.276Z",
    "created_at": "2023-05-12T14:13:49.218Z",
    "custom_fields": [],
    "name": "Recent Installations Tab\n",
    "projects": [
      {
        "gid": "1204571851534871",
        "resource_type": "project"
      }
    ],
    "first_activity_at": "2023-05-12T14:17:36.948Z"
  },
  {
    "gid": "1204571851534882",
    "completed": true,
    "completed_at": "2023-05-12T14:36:07.351Z",
    "created_at": "2023-05-12T14:14:10.009Z",
    "custom_fields": [],
    "name": "Print Shop",
    "projects": [
      {
        "gid": "1204571851534871",
        "resource_type": "project"
      }
    ],
    "first_activity_at": "2023-05-12T14:17:39.192Z"
  }
]