[
  {
    "gid": "1204906600700833",
    "completed": true,
    "completed_at": "2023-10-31T17:21:45.676Z",
    "created_at": "2023-06-26T15:45:53.713Z",
    "custom_fields": [],
    "name": "Add Facebook feed",
    "projects": [
      {
        "gid": "1204505299085279",
        "resource_type": "project"
      }
    ],
    "first_activity_at": "2023-06-26T15:46:11.727Z"
  },
  {
    "gid": "1205213456659052",
    "completed": true,
    "completed_at": "2023-08-24T20:37:57.911Z",
    "created_at": "2023-08-04T18:06:47.367Z",
    "custom_fields": [],
    "name": "Training Videos",
    "projects": [
      {
        "gid": "1204505299085279",
        "resource_type": "project"
      }
    ],
    "first_activity_at": "2023-08-04T18:07:19.393Z"
  },
  {
    "gid": "1205232327978031",
    "completed": true,
    "completed_at": "2023-08-08T15:38:24.934Z",
    "created_at": "2023-08-08T13:35:29.216Z",
    "custom_fields": [],
    "name": "Design Fixes",
    "projects": [
      {
        "gid": "1204505299085279",
        "resource_type": "project"
      }
    ],
    "first_activity_at": "2023-08-08T13:45:57.757Z"
  },
  {
    "gid": "1205301672827230",
    "completed": true,
    "completed_at": "2023-08-18T15:08:01.511Z",
    "created_at": "2023-08-18T14:20:53.890Z",
    "custom_fields": [],
    "name": "Fix Emails",
    "projects": [
      {
        "gid": "1204505299085279",
        "resource_type": "project"
      }
    ],
    "first_activity_at": "2023-08-18T14:21:08.087Z"
  },
  {
    "gid": "1205211568788737",
    "completed": true,
    "completed_at": "2023-08-04T19:03:02.885Z",
    "created_at": "2023-08-04T15:13:59.992Z",
    "custom_fields": [],
    "name": "Launch",
    "projects": [
      {
        "gid": "1204505299085279",
        "resource_type": "project"
      }
    ],
    "first_activity_at": "2023-08-04T15:14:18.475Z"
  },
  {
    "gid": "1204935062717324",
    "completed": true,
    "completed_at": "2023-08-04T17:06:21.516Z",
    "created_at": "2023-06-29T11:42:26.707Z",
    "custom_fields": [],
    "name": "Videos",
    "projects": [
      {
        "gid": "1204505299085279",
        "resource_type": "project"
      }
    ],
    "first_activity_at": "2023-07-05T15:48:32.759Z"
  },
  {
    "gid": "1204897750642625",
    "completed": true,
    "completed_at": "2023-08-04T17:06:42.345Z",
    "created_at": "2023-06-25T12:29:45.785Z",
    "custom_fields": [],
    "name": "Internal Review Revisions",
    "projects": [
      {
        "gid": "1204505299085279",
        "resource_type": "project"
      }
    ],
    "first_activity_at": "2023-06-26T13:06:41.195Z"
  },
  {
    "gid": "1205160207904119",
    "completed": true,
    "completed_at": "2023-08-01T14:32:16.083Z",
    "created_at": "2023-07-28T14:08:42.806Z",
    "custom_fields": [],
    "name": "Updates",
    "projects": [
      {
        "gid": "1204505299085279",
        "resource_type": "project"
      }
    ],
    "first_activity_at": "2023-07-28T15:57:44.863Z"
  },
  {
    "gid": "1205092854787897",
    "completed": true,
    "completed_at": "2023-07-20T16:21:31.539Z",
    "created_at": "2023-07-19T16:08:39.187Z",
    "custom_fields": [],
    "name": "Insert Project Desriptions",
    "projects": [
      {
        "gid": "1204505299085279",
        "resource_type": "project"
      }
    ],
    "first_activity_at": "2023-07-19T16:08:56.050Z"
  },
  {
    "gid": "1204882674358867",
    "completed": true,
    "completed_at": "2023-07-19T16:08:36.831Z",
    "created_at": "2023-06-22T19:21:51.890Z",
    "custom_fields": [],
    "name": "Descriptions For Projects",
    "projects": [
      {
        "gid": "1204505299085279",
        "resource_type": "project"
      }
    ],
    "first_activity_at": "2023-06-22T19:26:02.333Z"
  },
  {
    "gid": "1205042696425447",
    "completed": true,
    "completed_at": "2023-07-18T18:00:45.829Z",
    "created_at": "2023-07-13T14:24:00.620Z",
    "custom_fields": [],
    "name": "Project Categories",
    "projects": [
      {
        "gid": "1204505299085279",
        "resource_type": "project"
      }
    ],
    "first_activity_at": "2023-07-13T14:26:11.295Z"
  },
  {
    "gid": "1205059822041734",
    "completed": true,
    "completed_at": "2023-07-19T16:08:23.979Z",
    "created_at": "2023-07-14T16:38:09.335Z",
    "custom_fields": [],
    "name": "Project Descriptions",
    "projects": [
      {
        "gid": "1204505299085279",
        "resource_type": "project"
      }
    ],
    "first_activity_at": "2023-07-14T16:38:18.156Z"
  },
  {
    "gid": "1205000226891996",
    "completed": true,
    "completed_at": "2023-07-10T20:25:33.910Z",
    "created_at": "2023-07-10T13:27:21.212Z",
    "custom_fields": [],
    "name": "Project Photo Organization",
    "projects": [
      {
        "gid": "1204505299085279",
        "resource_type": "project"
      }
    ],
    "first_activity_at": "2023-07-10T13:27:38.814Z"
  },
  {
    "gid": "1204937687023928",
    "completed": true,
    "completed_at": "2023-06-29T20:26:54.140Z",
    "created_at": "2023-06-29T19:05:11.892Z",
    "custom_fields": [],
    "name": "Residential Projects Page",
    "projects": [
      {
        "gid": "1204505299085279",
        "resource_type": "project"
      }
    ],
    "first_activity_at": "2023-06-29T19:22:56.405Z"
  },
  {
    "gid": "1204926074114125",
    "completed": true,
    "completed_at": "2023-06-28T16:56:32.688Z",
    "created_at": "2023-06-28T16:54:23.176Z",
    "custom_fields": [],
    "name": "Remove \" from Project Page Blurb",
    "projects": [
      {
        "gid": "1204505299085279",
        "resource_type": "project"
      }
    ],
    "first_activity_at": "2023-06-28T16:54:52.171Z"
  },
  {
    "gid": "1204760746705040",
    "completed": true,
    "completed_at": "2023-06-22T19:25:40.393Z",
    "created_at": "2023-06-05T18:08:31.364Z",
    "custom_fields": [],
    "name": "Development",
    "projects": [
      {
        "gid": "1204505299085279",
        "resource_type": "project"
      }
    ],
    "first_activity_at": "2023-06-05T18:08:38.846Z"
  },
  {
    "gid": "1204806250229161",
    "completed": true,
    "completed_at": "2023-06-12T18:19:36.157Z",
    "created_at": "2023-06-12T17:07:47.062Z",
    "custom_fields": [],
    "name": "Switch out Photos on Mockup",
    "projects": [
      {
        "gid": "1204505299085279",
        "resource_type": "project"
      }
    ],
    "first_activity_at": "2023-06-12T17:08:00.711Z"
  },
  {
    "gid": "1204505299085282",
    "completed": true,
    "completed_at": "2023-05-24T14:05:26.571Z",
    "created_at": "2023-05-01T20:46:26.196Z",
    "custom_fields": [],
    "name": "Design Mockup",
    "projects": [
      {
        "gid": "1204505299085279",
        "resource_type": "project"
      }
    ],
    "first_activity_at": "2023-05-20T02:34:25.447Z"
  }
]