[
  {
    "gid": "1204514097560456",
    "completed": true,
    "completed_at": "2023-05-03T18:13:04.891Z",
    "created_at": "2023-05-02T20:50:56.331Z",
    "custom_fields": [],
    "name": "Landing Page Design",
    "projects": [
      {
        "gid": "1204514097560452",
        "resource_type": "project"
      }
    ],
    "first_activity_at": "2023-05-02T20:56:48.416Z"
  },
  {
    "gid": "1204554266016405",
    "completed": true,
    "completed_at": "2023-05-12T14:16:56.293Z",
    "created_at": "2023-05-08T17:53:51.959Z",
    "custom_fields": [],
    "name": "Landing page creation",
    "projects": [
      {
        "gid": "1204514097560452",
        "resource_type": "project"
      }
    ],
    "first_activity_at": "2023-05-08T17:54:06.887Z"
  }
]