[
  {
    "gid": "1205886869310135",
    "completed": true,
    "completed_at": "2023-11-09T21:06:57.647Z",
    "created_at": "2023-11-06T14:36:20.298Z",
    "custom_fields": [],
    "name": "Training Videos",
    "projects": [
      {
        "gid": "1204661242997886",
        "resource_type": "project"
      }
    ],
    "first_activity_at": "2023-11-06T14:36:28.609Z"
  },
  {
    "gid": "1205784612504413",
    "completed": true,
    "completed_at": "2023-11-06T14:36:19.531Z",
    "created_at": "2023-10-23T20:48:07.849Z",
    "custom_fields": [],
    "name": "Launch",
    "projects": [
      {
        "gid": "1204661242997886",
        "resource_type": "project"
      }
    ],
    "first_activity_at": "2023-10-24T14:29:44.352Z"
  },
  {
    "gid": "1205641362357120",
    "completed": true,
    "completed_at": "2023-11-03T14:22:00.588Z",
    "created_at": "2023-10-03T19:50:46.440Z",
    "custom_fields": [],
    "name": "Development Client Review",
    "projects": [
      {
        "gid": "1204661242997886",
        "resource_type": "project"
      }
    ],
    "first_activity_at": "2023-10-03T19:51:53.599Z"
  },
  {
    "gid": "1205000226891989",
    "completed": true,
    "completed_at": "2023-09-28T16:46:23.994Z",
    "created_at": "2023-07-10T13:22:20.337Z",
    "custom_fields": [],
    "name": "Development",
    "projects": [
      {
        "gid": "1204661242997886",
        "resource_type": "project"
      }
    ],
    "first_activity_at": "2023-07-10T13:37:21.042Z"
  },
  {
    "gid": "1205595195996146",
    "completed": true,
    "completed_at": "2023-10-02T15:47:11.338Z",
    "created_at": "2023-09-27T20:55:06.521Z",
    "custom_fields": [],
    "name": "Internal Review",
    "projects": [
      {
        "gid": "1204661242997886",
        "resource_type": "project"
      }
    ],
    "first_activity_at": "2023-09-27T20:55:16.279Z"
  },
  {
    "gid": "1205000226892003",
    "completed": true,
    "completed_at": "2023-07-31T17:08:22.281Z",
    "created_at": "2023-07-10T16:01:13.954Z",
    "custom_fields": [],
    "name": "Home Page Videos",
    "projects": [
      {
        "gid": "1204661242997886",
        "resource_type": "project"
      }
    ],
    "first_activity_at": "2023-07-10T16:01:23.047Z"
  },
  {
    "gid": "1205000226891993",
    "completed": true,
    "completed_at": "2023-07-10T13:33:39.487Z",
    "created_at": "2023-07-10T13:22:45.296Z",
    "custom_fields": [],
    "name": "Mockup Assets to Google Folder",
    "projects": [
      {
        "gid": "1204661242997886",
        "resource_type": "project"
      }
    ],
    "first_activity_at": "2023-07-10T13:23:01.126Z"
  },
  {
    "gid": "1204926074114132",
    "completed": true,
    "completed_at": "2023-07-10T13:18:41.593Z",
    "created_at": "2023-06-28T17:18:27.324Z",
    "custom_fields": [],
    "name": "Design Mockup Revisions",
    "projects": [
      {
        "gid": "1204661242997886",
        "resource_type": "project"
      }
    ],
    "first_activity_at": "2023-06-28T17:18:36.847Z"
  },
  {
    "gid": "1204768769809144",
    "completed": true,
    "completed_at": "2023-06-21T15:38:40.295Z",
    "created_at": "2023-06-06T15:15:11.223Z",
    "custom_fields": [],
    "name": "Written Content",
    "projects": [
      {
        "gid": "1204661242997886",
        "resource_type": "project"
      }
    ],
    "first_activity_at": "2023-06-06T15:15:21.948Z"
  },
  {
    "gid": "1204713085969660",
    "completed": true,
    "completed_at": "2023-06-22T16:00:03.983Z",
    "created_at": "2023-05-30T13:01:27.353Z",
    "custom_fields": [],
    "name": "Design Mockup",
    "projects": [
      {
        "gid": "1204661242997886",
        "resource_type": "project"
      }
    ],
    "first_activity_at": "2023-05-30T13:05:02.833Z"
  },
  {
    "gid": "1204662696168851",
    "completed": true,
    "completed_at": "2023-05-24T20:05:28.989Z",
    "created_at": "2023-05-23T20:27:41.306Z",
    "custom_fields": [],
    "name": "Design Brief",
    "projects": [
      {
        "gid": "1204661242997886",
        "resource_type": "project"
      }
    ],
    "first_activity_at": "2023-05-23T20:27:41.950Z"
  },
  {
    "gid": "1204661242997889",
    "completed": true,
    "completed_at": "2023-05-23T17:51:25.262Z",
    "created_at": "2023-05-23T17:50:40.506Z",
    "custom_fields": [],
    "name": "Onboarding Meeting",
    "projects": [
      {
        "gid": "1204661242997886",
        "resource_type": "project"
      }
    ],
    "first_activity_at": "2023-05-23T17:51:25.299Z"
  }
]