[
  {
    "gid": "1205124589642858",
    "completed": true,
    "completed_at": "2023-07-24T18:49:27.022Z",
    "created_at": "2023-07-24T18:45:28.153Z",
    "custom_fields": [],
    "name": "Typo ",
    "projects": [
      {
        "gid": "1204637885154250",
        "resource_type": "project"
      }
    ],
    "first_activity_at": "2023-07-24T18:45:58.044Z"
  },
  {
    "gid": "1204637891149214",
    "completed": true,
    "completed_at": "2023-05-22T17:51:45.932Z",
    "created_at": "2023-05-19T17:45:21.413Z",
    "custom_fields": [],
    "name": "LaSalle Case Study Update",
    "projects": [
      {
        "gid": "1204637885154250",
        "resource_type": "project"
      }
    ],
    "first_activity_at": "2023-05-19T17:51:32.449Z"
  },
  {
    "gid": "1204637891149217",
    "completed": true,
    "completed_at": "2023-05-22T19:31:41.101Z",
    "created_at": "2023-05-19T17:49:39.056Z",
    "custom_fields": [],
    "name": "Bloomsburg Silk Mills Case Study Update",
    "projects": [
      {
        "gid": "1204637885154250",
        "resource_type": "project"
      }
    ],
    "first_activity_at": "2023-05-19T17:51:34.460Z"
  },
  {
    "gid": "1204637891149219",
    "completed": true,
    "completed_at": "2023-05-22T19:44:49.203Z",
    "created_at": "2023-05-19T17:50:43.679Z",
    "custom_fields": [],
    "name": "Bill's House Case Study Updates",
    "projects": [
      {
        "gid": "1204637885154250",
        "resource_type": "project"
      }
    ],
    "first_activity_at": "2023-05-19T17:51:36.225Z"
  }
]