[
  {
    "gid": "1204926074114139",
    "completed": true,
    "completed_at": "2023-07-14T13:46:52.674Z",
    "created_at": "2023-06-28T18:24:48.278Z",
    "custom_fields": [],
    "name": "WordPress Training Videos",
    "projects": [
      {
        "gid": "1204514097560430",
        "resource_type": "project"
      }
    ],
    "first_activity_at": "2023-06-28T18:25:23.303Z"
  },
  {
    "gid": "1204944153526992",
    "completed": true,
    "completed_at": "2023-06-30T19:26:00.424Z",
    "created_at": "2023-06-30T19:14:15.762Z",
    "custom_fields": [],
    "name": "Products Page",
    "projects": [
      {
        "gid": "1204514097560430",
        "resource_type": "project"
      }
    ],
    "first_activity_at": "2023-06-30T19:14:56.617Z"
  },
  {
    "gid": "1204833974896538",
    "completed": true,
    "completed_at": "2023-06-21T15:39:25.893Z",
    "created_at": "2023-06-16T02:33:04.805Z",
    "custom_fields": [],
    "name": "Update domain",
    "projects": [
      {
        "gid": "1204514097560430",
        "resource_type": "project"
      }
    ],
    "first_activity_at": "2023-06-16T02:34:41.782Z"
  },
  {
    "gid": "1204828250933612",
    "completed": true,
    "completed_at": "2023-06-15T13:52:18.874Z",
    "created_at": "2023-06-14T20:04:30.107Z",
    "custom_fields": [],
    "name": "Text under the icons",
    "projects": [
      {
        "gid": "1204514097560430",
        "resource_type": "project"
      }
    ],
    "first_activity_at": "2023-06-14T20:05:22.967Z"
  },
  {
    "gid": "1204830301562382",
    "completed": true,
    "completed_at": "2023-06-15T13:52:17.960Z",
    "created_at": "2023-06-15T02:54:49.792Z",
    "custom_fields": [],
    "name": "Mobile Header",
    "projects": [
      {
        "gid": "1204514097560430",
        "resource_type": "project"
      }
    ],
    "first_activity_at": "2023-06-15T02:55:35.768Z"
  },
  {
    "gid": "1204806702735945",
    "completed": true,
    "completed_at": "2023-06-13T22:46:25.889Z",
    "created_at": "2023-06-12T15:42:00.519Z",
    "custom_fields": [],
    "name": "Outdoor product category page update",
    "projects": [
      {
        "gid": "1204514097560430",
        "resource_type": "project"
      }
    ],
    "first_activity_at": "2023-06-12T15:54:31.846Z"
  },
  {
    "gid": "1204806702735957",
    "completed": true,
    "completed_at": "2023-06-13T21:36:31.730Z",
    "created_at": "2023-06-12T16:02:00.035Z",
    "custom_fields": [],
    "name": "Replace outdoor icon",
    "projects": [
      {
        "gid": "1204514097560430",
        "resource_type": "project"
      }
    ],
    "first_activity_at": "2023-06-12T16:03:22.212Z"
  },
  {
    "gid": "1204806702735962",
    "completed": true,
    "completed_at": "2023-06-14T20:04:21.992Z",
    "created_at": "2023-06-12T16:03:57.025Z",
    "custom_fields": [],
    "name": "Meat Processing/Packing ",
    "projects": [
      {
        "gid": "1204514097560430",
        "resource_type": "project"
      }
    ],
    "first_activity_at": "2023-06-12T16:05:09.066Z"
  },
  {
    "gid": "1204677590342483",
    "completed": true,
    "completed_at": "2023-06-13T19:34:55.799Z",
    "created_at": "2023-05-25T15:04:42.779Z",
    "custom_fields": [],
    "name": "Functionality updates",
    "projects": [
      {
        "gid": "1204514097560430",
        "resource_type": "project"
      }
    ],
    "first_activity_at": "2023-05-25T15:08:56.892Z"
  },
  {
    "gid": "1204806702735952",
    "completed": true,
    "completed_at": "2023-06-13T19:24:58.142Z",
    "created_at": "2023-06-12T15:57:24.121Z",
    "custom_fields": [],
    "name": "Product page",
    "projects": [
      {
        "gid": "1204514097560430",
        "resource_type": "project"
      }
    ],
    "first_activity_at": "2023-06-12T16:00:30.898Z"
  },
  {
    "gid": "1204650458401909",
    "completed": true,
    "completed_at": "2023-05-22T19:54:54.120Z",
    "created_at": "2023-05-22T16:12:48.382Z",
    "custom_fields": [],
    "name": "Woocommerce Price Removal",
    "projects": [
      {
        "gid": "1204514097560430",
        "resource_type": "project"
      }
    ],
    "first_activity_at": "2023-05-22T16:12:59.894Z"
  },
  {
    "gid": "1204571851534889",
    "completed": true,
    "completed_at": "2023-05-25T14:43:07.541Z",
    "created_at": "2023-05-12T14:21:39.926Z",
    "custom_fields": [],
    "name": "Web Development",
    "projects": [
      {
        "gid": "1204514097560430",
        "resource_type": "project"
      }
    ],
    "first_activity_at": "2023-05-12T14:23:38.078Z"
  },
  {
    "gid": "1204516630343432",
    "completed": true,
    "completed_at": "2023-05-05T18:57:59.531Z",
    "created_at": "2023-05-03T12:34:56.284Z",
    "custom_fields": [],
    "name": "Website Mockup",
    "projects": [
      {
        "gid": "1204514097560430",
        "resource_type": "project"
      }
    ],
    "first_activity_at": "2023-05-03T12:35:04.559Z"
  },
  {
    "gid": "1204514097560433",
    "completed": true,
    "completed_at": "2023-05-03T12:35:38.785Z",
    "created_at": "2023-05-02T13:08:01.764Z",
    "custom_fields": [],
    "name": "Design Brief",
    "projects": [
      {
        "gid": "1204514097560430",
        "resource_type": "project"
      }
    ],
    "first_activity_at": "2023-05-02T14:14:20.577Z"
  }
]