[
  {
    "gid": "1205124577275667",
    "completed": true,
    "completed_at": "2023-07-24T18:03:52.919Z",
    "created_at": "2023-07-24T13:03:44.291Z",
    "custom_fields": [],
    "name": "Event Updates",
    "projects": [
      {
        "gid": "1204786020344345",
        "resource_type": "project"
      }
    ],
    "first_activity_at": "2023-07-24T13:04:38.552Z"
  },
  {
    "gid": "1204969910314808",
    "completed": true,
    "completed_at": "2023-07-10T17:42:26.679Z",
    "created_at": "2023-07-05T14:38:41.884Z",
    "custom_fields": [],
    "name": "Add photos to pen box",
    "projects": [
      {
        "gid": "1204786020344345",
        "resource_type": "project"
      }
    ],
    "first_activity_at": "2023-07-05T14:38:49.031Z"
  },
  {
    "gid": "1204875683888964",
    "completed": true,
    "completed_at": "2023-06-23T18:05:57.029Z",
    "created_at": "2023-06-21T19:28:23.199Z",
    "custom_fields": [],
    "name": "Add photos to pen box",
    "projects": [
      {
        "gid": "1204786020344345",
        "resource_type": "project"
      }
    ],
    "first_activity_at": "2023-06-21T19:28:38.091Z"
  },
  {
    "gid": "1204844493717778",
    "completed": true,
    "completed_at": "2023-06-20T20:11:44.220Z",
    "created_at": "2023-06-16T17:59:13.979Z",
    "custom_fields": [],
    "name": "Add Products",
    "projects": [
      {
        "gid": "1204786020344345",
        "resource_type": "project"
      }
    ],
    "first_activity_at": "2023-06-16T20:02:48.096Z"
  },
  {
    "gid": "1204786020344374",
    "completed": true,
    "completed_at": "2023-06-08T20:38:09.478Z",
    "created_at": "2023-06-08T15:02:07.406Z",
    "custom_fields": [],
    "name": "Add Combo Product",
    "projects": [
      {
        "gid": "1204786020344345",
        "resource_type": "project"
      }
    ],
    "first_activity_at": "2023-06-08T15:02:19.047Z"
  },
  {
    "gid": "1204786020344348",
    "completed": true,
    "completed_at": "2023-06-08T20:32:27.282Z",
    "created_at": "2023-06-08T14:15:40.900Z",
    "custom_fields": [],
    "name": "Updates for Event Calendar",
    "projects": [
      {
        "gid": "1204786020344345",
        "resource_type": "project"
      }
    ],
    "first_activity_at": "2023-06-08T14:59:49.428Z"
  },
  {
    "gid": "1204787103266004",
    "completed": true,
    "completed_at": "2023-06-08T15:10:46.662Z",
    "created_at": "2023-06-08T14:51:36.241Z",
    "custom_fields": [],
    "name": "Fix Backend access issues for TB Turnings (Also update plugins)",
    "projects": [
      {
        "gid": "1204786020344345",
        "resource_type": "project"
      }
    ],
    "first_activity_at": "2023-06-08T14:51:36.352Z"
  }
]