[
  {
    "gid": "1210927777336833",
    "completed": false,
    "completed_at": null,
    "created_at": "2025-07-30T13:15:38.566Z",
    "custom_fields": [],
    "name": "7/30 Meeting Notes",
    "projects": [
      {
        "gid": "1204668477774200",
        "resource_type": "project"
      }
    ],
    "first_activity_at": "2025-07-30T16:16:02.315Z"
  },
  {
    "gid": "1209911736254051",
    "completed": false,
    "completed_at": null,
    "created_at": "2025-04-07T19:59:49.113Z",
    "custom_fields": [],
    "name": "Internal Review",
    "projects": [
      {
        "gid": "1204668477774200",
        "resource_type": "project"
      }
    ],
    "first_activity_at": "2025-04-07T20:00:54.481Z"
  },
  {
    "gid": "1209895524032764",
    "completed": false,
    "completed_at": null,
    "created_at": "2025-04-04T19:41:54.584Z",
    "custom_fields": [],
    "name": "Launch",
    "projects": [
      {
        "gid": "1204668477774200",
        "resource_type": "project"
      }
    ],
    "first_activity_at": "2025-04-04T19:41:59.578Z"
  },
  {
    "gid": "1208914243886907",
    "completed": true,
    "completed_at": "2025-10-16T13:44:53.688Z",
    "created_at": "2024-12-05T20:21:51.194Z",
    "custom_fields": [],
    "name": "SmartFrame Demo",
    "projects": [
      {
        "gid": "1204668477774200",
        "resource_type": "project"
      }
    ],
    "first_activity_at": "2024-12-09T19:54:01.175Z"
  },
  {
    "gid": "1208158923685158",
    "completed": false,
    "completed_at": null,
    "created_at": "2024-08-27T18:42:23.781Z",
    "custom_fields": [],
    "name": "Domain",
    "projects": [
      {
        "gid": "1204668477774200",
        "resource_type": "project"
      }
    ],
    "first_activity_at": null
  },
  {
    "gid": "1209895524032761",
    "completed": true,
    "completed_at": "2025-04-07T18:26:24.308Z",
    "created_at": "2025-04-04T19:41:44.331Z",
    "custom_fields": [],
    "name": "Prep Site for Launch",
    "projects": [
      {
        "gid": "1204668477774200",
        "resource_type": "project"
      }
    ],
    "first_activity_at": "2025-04-04T19:41:50.315Z"
  },
  {
    "gid": "1207114012477394",
    "completed": true,
    "completed_at": "2024-09-27T17:49:05.049Z",
    "created_at": "2024-04-18T21:08:37.513Z",
    "custom_fields": [],
    "name": "Updates",
    "projects": [
      {
        "gid": "1204668477774200",
        "resource_type": "project"
      }
    ],
    "first_activity_at": "2024-04-18T21:09:53.483Z"
  },
  {
    "gid": "1207880887018600",
    "completed": true,
    "completed_at": "2024-10-03T18:34:43.221Z",
    "created_at": "2024-07-23T18:56:07.830Z",
    "custom_fields": [],
    "name": "Updates July 23",
    "projects": [
      {
        "gid": "1204668477774200",
        "resource_type": "project"
      }
    ],
    "first_activity_at": "2024-07-23T18:56:15.671Z"
  },
  {
    "gid": "1208245925748639",
    "completed": true,
    "completed_at": "2024-09-10T20:32:45.993Z",
    "created_at": "2024-09-06T14:21:45.179Z",
    "custom_fields": [],
    "name": " Downsize co-broker realtor information",
    "projects": [
      {
        "gid": "1204668477774200",
        "resource_type": "project"
      }
    ],
    "first_activity_at": "2024-09-06T14:21:55.277Z"
  },
  {
    "gid": "1204668477774204",
    "completed": true,
    "completed_at": "2024-01-05T19:02:14.207Z",
    "created_at": "2023-05-24T13:48:23.550Z",
    "custom_fields": [],
    "name": "Adding MLS feed",
    "projects": [
      {
        "gid": "1204668477774200",
        "resource_type": "project"
      }
    ],
    "first_activity_at": "2023-05-24T13:50:54.309Z"
  }
]