[
  {
    "gid": "1205284903141271",
    "completed": true,
    "completed_at": "2023-09-05T20:24:33.495Z",
    "created_at": "2023-08-16T14:53:46.761Z",
    "custom_fields": [],
    "name": "Training Videos",
    "projects": [
      {
        "gid": "1204668359210749",
        "resource_type": "project"
      }
    ],
    "first_activity_at": "2023-08-16T14:53:54.711Z"
  },
  {
    "gid": "1204686469150295",
    "completed": true,
    "completed_at": "2023-08-18T14:44:13.703Z",
    "created_at": "2023-05-26T16:32:00.520Z",
    "custom_fields": [],
    "name": "Revisions 2",
    "projects": [
      {
        "gid": "1204668359210749",
        "resource_type": "project"
      }
    ],
    "first_activity_at": "2023-05-26T16:32:13.913Z"
  },
  {
    "gid": "1205284903141263",
    "completed": true,
    "completed_at": "2023-08-16T14:52:58.975Z",
    "created_at": "2023-08-16T13:30:30.143Z",
    "custom_fields": [],
    "name": "Launch",
    "projects": [
      {
        "gid": "1204668359210749",
        "resource_type": "project"
      }
    ],
    "first_activity_at": "2023-08-16T13:30:35.015Z"
  },
  {
    "gid": "1205111989384705",
    "completed": true,
    "completed_at": "2023-07-25T15:22:28.383Z",
    "created_at": "2023-07-21T18:52:01.784Z",
    "custom_fields": [],
    "name": "Development Internal Review",
    "projects": [
      {
        "gid": "1204668359210749",
        "resource_type": "project"
      }
    ],
    "first_activity_at": "2023-07-21T18:52:11.182Z"
  },
  {
    "gid": "1204668359210752",
    "completed": true,
    "completed_at": "2023-05-25T20:45:36.492Z",
    "created_at": "2023-05-24T13:23:20.840Z",
    "custom_fields": [],
    "name": "Revisions",
    "projects": [
      {
        "gid": "1204668359210749",
        "resource_type": "project"
      }
    ],
    "first_activity_at": "2023-05-24T13:26:39.470Z"
  }
]