[
  {
    "gid": "1205732095191638",
    "completed": true,
    "completed_at": "2023-10-16T16:44:05.836Z",
    "created_at": "2023-10-16T16:43:29.808Z",
    "custom_fields": [
      {
        "gid": "1204456891952863",
        "enabled": true,
        "enum_options": [
          {
            "gid": "1204456891952864",
            "color": "red",
            "enabled": true,
            "name": "High",
            "resource_type": "enum_option"
          },
          {
            "gid": "1204456891952865",
            "color": "orange",
            "enabled": true,
            "name": "Medium",
            "resource_type": "enum_option"
          },
          {
            "gid": "1204456891952866",
            "color": "yellow-orange",
            "enabled": true,
            "name": "Low",
            "resource_type": "enum_option"
          }
        ],
        "enum_value": null,
        "name": "Priority",
        "description": "Asana-created. Track the priority of each task.",
        "created_by": null,
        "display_value": null,
        "resource_subtype": "enum",
        "resource_type": "custom_field",
        "is_formula_field": false,
        "is_value_read_only": false,
        "type": "enum"
      },
      {
        "gid": "1204456891952868",
        "enabled": true,
        "enum_options": [
          {
            "gid": "1204456891952869",
            "color": "blue",
            "enabled": true,
            "name": "Not Started",
            "resource_type": "enum_option"
          },
          {
            "gid": "1204456891952870",
            "color": "cool-gray",
            "enabled": true,
            "name": "In Progress",
            "resource_type": "enum_option"
          },
          {
            "gid": "1204456891952871",
            "color": "yellow",
            "enabled": true,
            "name": "Waiting",
            "resource_type": "enum_option"
          },
          {
            "gid": "1204456891952872",
            "color": "orange",
            "enabled": true,
            "name": "Deferred",
            "resource_type": "enum_option"
          },
          {
            "gid": "1204456891952873",
            "color": "blue-green",
            "enabled": true,
            "name": "Done",
            "resource_type": "enum_option"
          }
        ],
        "enum_value": {
          "gid": "1204456891952873",
          "color": "blue-green",
          "enabled": true,
          "name": "Done",
          "resource_type": "enum_option"
        },
        "name": "Task Progress",
        "description": "Asana-created. Track the progress of each task.",
        "created_by": null,
        "display_value": "Done",
        "resource_subtype": "enum",
        "resource_type": "custom_field",
        "is_formula_field": false,
        "is_value_read_only": false,
        "type": "enum"
      },
      {
        "gid": "1204571851534991",
        "enabled": true,
        "name": "Estimated time",
        "description": "Asana-created. Estimate time to complete a task.",
        "number_value": null,
        "precision": 0,
        "created_by": null,
        "display_value": null,
        "resource_subtype": "number",
        "resource_type": "custom_field",
        "is_formula_field": false,
        "is_value_read_only": false,
        "type": "number"
      }
    ],
    "name": "Onboarding Meeting",
    "projects": [
      {
        "gid": "1205729427877491",
        "resource_type": "project"
      }
    ],
    "first_activity_at": "2023-10-16T16:43:30.640Z"
  },
  {
    "gid": "1205732095191644",
    "completed": true,
    "completed_at": "2023-10-16T16:44:06.480Z",
    "created_at": "2023-10-16T16:43:30.022Z",
    "custom_fields": [
      {
        "gid": "1204456891952863",
        "enabled": true,
        "enum_options": [
          {
            "gid": "1204456891952864",
            "color": "red",
            "enabled": true,
            "name": "High",
            "resource_type": "enum_option"
          },
          {
            "gid": "1204456891952865",
            "color": "orange",
            "enabled": true,
            "name": "Medium",
            "resource_type": "enum_option"
          },
          {
            "gid": "1204456891952866",
            "color": "yellow-orange",
            "enabled": true,
            "name": "Low",
            "resource_type": "enum_option"
          }
        ],
        "enum_value": null,
        "name": "Priority",
        "description": "Asana-created. Track the priority of each task.",
        "created_by": null,
        "display_value": null,
        "resource_subtype": "enum",
        "resource_type": "custom_field",
        "is_formula_field": false,
        "is_value_read_only": false,
        "type": "enum"
      },
      {
        "gid": "1204456891952868",
        "enabled": true,
        "enum_options": [
          {
            "gid": "1204456891952869",
            "color": "blue",
            "enabled": true,
            "name": "Not Started",
            "resource_type": "enum_option"
          },
          {
            "gid": "1204456891952870",
            "color": "cool-gray",
            "enabled": true,
            "name": "In Progress",
            "resource_type": "enum_option"
          },
          {
            "gid": "1204456891952871",
            "color": "yellow",
            "enabled": true,
            "name": "Waiting",
            "resource_type": "enum_option"
          },
          {
            "gid": "1204456891952872",
            "color": "orange",
            "enabled": true,
            "name": "Deferred",
            "resource_type": "enum_option"
          },
          {
            "gid": "1204456891952873",
            "color": "blue-green",
            "enabled": true,
            "name": "Done",
            "resource_type": "enum_option"
          }
        ],
        "enum_value": {
          "gid": "1204456891952873",
          "color": "blue-green",
          "enabled": true,
          "name": "Done",
          "resource_type": "enum_option"
        },
        "name": "Task Progress",
        "description": "Asana-created. Track the progress of each task.",
        "created_by": null,
        "display_value": "Done",
        "resource_subtype": "enum",
        "resource_type": "custom_field",
        "is_formula_field": false,
        "is_value_read_only": false,
        "type": "enum"
      },
      {
        "gid": "1204571851534991",
        "enabled": true,
        "name": "Estimated time",
        "description": "Asana-created. Estimate time to complete a task.",
        "number_value": null,
        "precision": 0,
        "created_by": null,
        "display_value": null,
        "resource_subtype": "number",
        "resource_type": "custom_field",
        "is_formula_field": false,
        "is_value_read_only": false,
        "type": "number"
      }
    ],
    "name": "Assets",
    "projects": [
      {
        "gid": "1205729427877491",
        "resource_type": "project"
      }
    ],
    "first_activity_at": "2023-10-16T16:44:06.545Z"
  },
  {
    "gid": "1205732095191650",
    "completed": true,
    "completed_at": "2023-10-16T16:45:06.386Z",
    "created_at": "2023-10-16T16:43:30.193Z",
    "custom_fields": [
      {
        "gid": "1204456891952863",
        "enabled": true,
        "enum_options": [
          {
            "gid": "1204456891952864",
            "color": "red",
            "enabled": true,
            "name": "High",
            "resource_type": "enum_option"
          },
          {
            "gid": "1204456891952865",
            "color": "orange",
            "enabled": true,
            "name": "Medium",
            "resource_type": "enum_option"
          },
          {
            "gid": "1204456891952866",
            "color": "yellow-orange",
            "enabled": true,
            "name": "Low",
            "resource_type": "enum_option"
          }
        ],
        "enum_value": null,
        "name": "Priority",
        "description": "Asana-created. Track the priority of each task.",
        "created_by": null,
        "display_value": null,
        "resource_subtype": "enum",
        "resource_type": "custom_field",
        "is_formula_field": false,
        "is_value_read_only": false,
        "type": "enum"
      },
      {
        "gid": "1204456891952868",
        "enabled": true,
        "enum_options": [
          {
            "gid": "1204456891952869",
            "color": "blue",
            "enabled": true,
            "name": "Not Started",
            "resource_type": "enum_option"
          },
          {
            "gid": "1204456891952870",
            "color": "cool-gray",
            "enabled": true,
            "name": "In Progress",
            "resource_type": "enum_option"
          },
          {
            "gid": "1204456891952871",
            "color": "yellow",
            "enabled": true,
            "name": "Waiting",
            "resource_type": "enum_option"
          },
          {
            "gid": "1204456891952872",
            "color": "orange",
            "enabled": true,
            "name": "Deferred",
            "resource_type": "enum_option"
          },
          {
            "gid": "1204456891952873",
            "color": "blue-green",
            "enabled": true,
            "name": "Done",
            "resource_type": "enum_option"
          }
        ],
        "enum_value": {
          "gid": "1204456891952873",
          "color": "blue-green",
          "enabled": true,
          "name": "Done",
          "resource_type": "enum_option"
        },
        "name": "Task Progress",
        "description": "Asana-created. Track the progress of each task.",
        "created_by": null,
        "display_value": "Done",
        "resource_subtype": "enum",
        "resource_type": "custom_field",
        "is_formula_field": false,
        "is_value_read_only": false,
        "type": "enum"
      },
      {
        "gid": "1204571851534991",
        "enabled": true,
        "name": "Estimated time",
        "description": "Asana-created. Estimate time to complete a task.",
        "number_value": null,
        "precision": 0,
        "created_by": null,
        "display_value": null,
        "resource_subtype": "number",
        "resource_type": "custom_field",
        "is_formula_field": false,
        "is_value_read_only": false,
        "type": "number"
      }
    ],
    "name": "Written Content",
    "projects": [
      {
        "gid": "1205729427877491",
        "resource_type": "project"
      }
    ],
    "first_activity_at": "2023-10-16T16:43:30.677Z"
  },
  {
    "gid": "1205732095191656",
    "completed": true,
    "completed_at": "2023-10-16T16:45:07.223Z",
    "created_at": "2023-10-16T16:43:30.415Z",
    "custom_fields": [
      {
        "gid": "1204456891952863",
        "enabled": true,
        "enum_options": [
          {
            "gid": "1204456891952864",
            "color": "red",
            "enabled": true,
            "name": "High",
            "resource_type": "enum_option"
          },
          {
            "gid": "1204456891952865",
            "color": "orange",
            "enabled": true,
            "name": "Medium",
            "resource_type": "enum_option"
          },
          {
            "gid": "1204456891952866",
            "color": "yellow-orange",
            "enabled": true,
            "name": "Low",
            "resource_type": "enum_option"
          }
        ],
        "enum_value": null,
        "name": "Priority",
        "description": "Asana-created. Track the priority of each task.",
        "created_by": null,
        "display_value": null,
        "resource_subtype": "enum",
        "resource_type": "custom_field",
        "is_formula_field": false,
        "is_value_read_only": false,
        "type": "enum"
      },
      {
        "gid": "1204456891952868",
        "enabled": true,
        "enum_options": [
          {
            "gid": "1204456891952869",
            "color": "blue",
            "enabled": true,
            "name": "Not Started",
            "resource_type": "enum_option"
          },
          {
            "gid": "1204456891952870",
            "color": "cool-gray",
            "enabled": true,
            "name": "In Progress",
            "resource_type": "enum_option"
          },
          {
            "gid": "1204456891952871",
            "color": "yellow",
            "enabled": true,
            "name": "Waiting",
            "resource_type": "enum_option"
          },
          {
            "gid": "1204456891952872",
            "color": "orange",
            "enabled": true,
            "name": "Deferred",
            "resource_type": "enum_option"
          },
          {
            "gid": "1204456891952873",
            "color": "blue-green",
            "enabled": true,
            "name": "Done",
            "resource_type": "enum_option"
          }
        ],
        "enum_value": {
          "gid": "1204456891952873",
          "color": "blue-green",
          "enabled": true,
          "name": "Done",
          "resource_type": "enum_option"
        },
        "name": "Task Progress",
        "description": "Asana-created. Track the progress of each task.",
        "created_by": null,
        "display_value": "Done",
        "resource_subtype": "enum",
        "resource_type": "custom_field",
        "is_formula_field": false,
        "is_value_read_only": false,
        "type": "enum"
      },
      {
        "gid": "1204571851534991",
        "enabled": true,
        "name": "Estimated time",
        "description": "Asana-created. Estimate time to complete a task.",
        "number_value": null,
        "precision": 0,
        "created_by": null,
        "display_value": null,
        "resource_subtype": "number",
        "resource_type": "custom_field",
        "is_formula_field": false,
        "is_value_read_only": false,
        "type": "number"
      }
    ],
    "name": "Creative Brief",
    "projects": [
      {
        "gid": "1205729427877491",
        "resource_type": "project"
      }
    ],
    "first_activity_at": "2023-10-16T16:43:30.633Z"
  },
  {
    "gid": "1205732095241447",
    "completed": true,
    "completed_at": "2023-10-19T20:00:01.512Z",
    "created_at": "2023-10-16T16:43:31.667Z",
    "custom_fields": [
      {
        "gid": "1204456891952863",
        "enabled": true,
        "enum_options": [
          {
            "gid": "1204456891952864",
            "color": "red",
            "enabled": true,
            "name": "High",
            "resource_type": "enum_option"
          },
          {
            "gid": "1204456891952865",
            "color": "orange",
            "enabled": true,
            "name": "Medium",
            "resource_type": "enum_option"
          },
          {
            "gid": "1204456891952866",
            "color": "yellow-orange",
            "enabled": true,
            "name": "Low",
            "resource_type": "enum_option"
          }
        ],
        "enum_value": null,
        "name": "Priority",
        "description": "Asana-created. Track the priority of each task.",
        "created_by": null,
        "display_value": null,
        "resource_subtype": "enum",
        "resource_type": "custom_field",
        "is_formula_field": false,
        "is_value_read_only": false,
        "type": "enum"
      },
      {
        "gid": "1204456891952868",
        "enabled": true,
        "enum_options": [
          {
            "gid": "1204456891952869",
            "color": "blue",
            "enabled": true,
            "name": "Not Started",
            "resource_type": "enum_option"
          },
          {
            "gid": "1204456891952870",
            "color": "cool-gray",
            "enabled": true,
            "name": "In Progress",
            "resource_type": "enum_option"
          },
          {
            "gid": "1204456891952871",
            "color": "yellow",
            "enabled": true,
            "name": "Waiting",
            "resource_type": "enum_option"
          },
          {
            "gid": "1204456891952872",
            "color": "orange",
            "enabled": true,
            "name": "Deferred",
            "resource_type": "enum_option"
          },
          {
            "gid": "1204456891952873",
            "color": "blue-green",
            "enabled": true,
            "name": "Done",
            "resource_type": "enum_option"
          }
        ],
        "enum_value": {
          "gid": "1204456891952873",
          "color": "blue-green",
          "enabled": true,
          "name": "Done",
          "resource_type": "enum_option"
        },
        "name": "Task Progress",
        "description": "Asana-created. Track the progress of each task.",
        "created_by": null,
        "display_value": "Done",
        "resource_subtype": "enum",
        "resource_type": "custom_field",
        "is_formula_field": false,
        "is_value_read_only": false,
        "type": "enum"
      },
      {
        "gid": "1204571851534991",
        "enabled": true,
        "name": "Estimated time",
        "description": "Asana-created. Estimate time to complete a task.",
        "number_value": null,
        "precision": 0,
        "created_by": null,
        "display_value": null,
        "resource_subtype": "number",
        "resource_type": "custom_field",
        "is_formula_field": false,
        "is_value_read_only": false,
        "type": "number"
      }
    ],
    "name": "Design Mockup",
    "projects": [
      {
        "gid": "1205729427877491",
        "resource_type": "project"
      }
    ],
    "first_activity_at": "2023-10-16T16:43:32.558Z"
  },
  {
    "gid": "1205732095241453",
    "completed": true,
    "completed_at": "2023-10-23T15:49:49.893Z",
    "created_at": "2023-10-16T16:43:31.812Z",
    "custom_fields": [
      {
        "gid": "1204456891952863",
        "enabled": true,
        "enum_options": [
          {
            "gid": "1204456891952864",
            "color": "red",
            "enabled": true,
            "name": "High",
            "resource_type": "enum_option"
          },
          {
            "gid": "1204456891952865",
            "color": "orange",
            "enabled": true,
            "name": "Medium",
            "resource_type": "enum_option"
          },
          {
            "gid": "1204456891952866",
            "color": "yellow-orange",
            "enabled": true,
            "name": "Low",
            "resource_type": "enum_option"
          }
        ],
        "enum_value": null,
        "name": "Priority",
        "description": "Asana-created. Track the priority of each task.",
        "created_by": null,
        "display_value": null,
        "resource_subtype": "enum",
        "resource_type": "custom_field",
        "is_formula_field": false,
        "is_value_read_only": false,
        "type": "enum"
      },
      {
        "gid": "1204456891952868",
        "enabled": true,
        "enum_options": [
          {
            "gid": "1204456891952869",
            "color": "blue",
            "enabled": true,
            "name": "Not Started",
            "resource_type": "enum_option"
          },
          {
            "gid": "1204456891952870",
            "color": "cool-gray",
            "enabled": true,
            "name": "In Progress",
            "resource_type": "enum_option"
          },
          {
            "gid": "1204456891952871",
            "color": "yellow",
            "enabled": true,
            "name": "Waiting",
            "resource_type": "enum_option"
          },
          {
            "gid": "1204456891952872",
            "color": "orange",
            "enabled": true,
            "name": "Deferred",
            "resource_type": "enum_option"
          },
          {
            "gid": "1204456891952873",
            "color": "blue-green",
            "enabled": true,
            "name": "Done",
            "resource_type": "enum_option"
          }
        ],
        "enum_value": {
          "gid": "1204456891952873",
          "color": "blue-green",
          "enabled": true,
          "name": "Done",
          "resource_type": "enum_option"
        },
        "name": "Task Progress",
        "description": "Asana-created. Track the progress of each task.",
        "created_by": null,
        "display_value": "Done",
        "resource_subtype": "enum",
        "resource_type": "custom_field",
        "is_formula_field": false,
        "is_value_read_only": false,
        "type": "enum"
      },
      {
        "gid": "1204571851534991",
        "enabled": true,
        "name": "Estimated time",
        "description": "Asana-created. Estimate time to complete a task.",
        "number_value": null,
        "precision": 0,
        "created_by": null,
        "display_value": null,
        "resource_subtype": "number",
        "resource_type": "custom_field",
        "is_formula_field": false,
        "is_value_read_only": false,
        "type": "number"
      }
    ],
    "name": "Mockup Internal Review",
    "projects": [
      {
        "gid": "1205729427877491",
        "resource_type": "project"
      }
    ],
    "first_activity_at": "2023-10-16T16:43:32.554Z"
  },
  {
    "gid": "1205732095241459",
    "completed": true,
    "completed_at": "2023-10-23T15:49:50.898Z",
    "created_at": "2023-10-16T16:43:31.957Z",
    "custom_fields": [
      {
        "gid": "1204456891952863",
        "enabled": true,
        "enum_options": [
          {
            "gid": "1204456891952864",
            "color": "red",
            "enabled": true,
            "name": "High",
            "resource_type": "enum_option"
          },
          {
            "gid": "1204456891952865",
            "color": "orange",
            "enabled": true,
            "name": "Medium",
            "resource_type": "enum_option"
          },
          {
            "gid": "1204456891952866",
            "color": "yellow-orange",
            "enabled": true,
            "name": "Low",
            "resource_type": "enum_option"
          }
        ],
        "enum_value": null,
        "name": "Priority",
        "description": "Asana-created. Track the priority of each task.",
        "created_by": null,
        "display_value": null,
        "resource_subtype": "enum",
        "resource_type": "custom_field",
        "is_formula_field": false,
        "is_value_read_only": false,
        "type": "enum"
      },
      {
        "gid": "1204456891952868",
        "enabled": true,
        "enum_options": [
          {
            "gid": "1204456891952869",
            "color": "blue",
            "enabled": true,
            "name": "Not Started",
            "resource_type": "enum_option"
          },
          {
            "gid": "1204456891952870",
            "color": "cool-gray",
            "enabled": true,
            "name": "In Progress",
            "resource_type": "enum_option"
          },
          {
            "gid": "1204456891952871",
            "color": "yellow",
            "enabled": true,
            "name": "Waiting",
            "resource_type": "enum_option"
          },
          {
            "gid": "1204456891952872",
            "color": "orange",
            "enabled": true,
            "name": "Deferred",
            "resource_type": "enum_option"
          },
          {
            "gid": "1204456891952873",
            "color": "blue-green",
            "enabled": true,
            "name": "Done",
            "resource_type": "enum_option"
          }
        ],
        "enum_value": {
          "gid": "1204456891952873",
          "color": "blue-green",
          "enabled": true,
          "name": "Done",
          "resource_type": "enum_option"
        },
        "name": "Task Progress",
        "description": "Asana-created. Track the progress of each task.",
        "created_by": null,
        "display_value": "Done",
        "resource_subtype": "enum",
        "resource_type": "custom_field",
        "is_formula_field": false,
        "is_value_read_only": false,
        "type": "enum"
      },
      {
        "gid": "1204571851534991",
        "enabled": true,
        "name": "Estimated time",
        "description": "Asana-created. Estimate time to complete a task.",
        "number_value": null,
        "precision": 0,
        "created_by": null,
        "display_value": null,
        "resource_subtype": "number",
        "resource_type": "custom_field",
        "is_formula_field": false,
        "is_value_read_only": false,
        "type": "number"
      }
    ],
    "name": "Mockup Client Review",
    "projects": [
      {
        "gid": "1205729427877491",
        "resource_type": "project"
      }
    ],
    "first_activity_at": "2023-10-16T16:43:33.178Z"
  },
  {
    "gid": "1205732095241465",
    "completed": true,
    "completed_at": "2023-10-23T15:49:53.582Z",
    "created_at": "2023-10-16T16:43:32.104Z",
    "custom_fields": [
      {
        "gid": "1204456891952863",
        "enabled": true,
        "enum_options": [
          {
            "gid": "1204456891952864",
            "color": "red",
            "enabled": true,
            "name": "High",
            "resource_type": "enum_option"
          },
          {
            "gid": "1204456891952865",
            "color": "orange",
            "enabled": true,
            "name": "Medium",
            "resource_type": "enum_option"
          },
          {
            "gid": "1204456891952866",
            "color": "yellow-orange",
            "enabled": true,
            "name": "Low",
            "resource_type": "enum_option"
          }
        ],
        "enum_value": null,
        "name": "Priority",
        "description": "Asana-created. Track the priority of each task.",
        "created_by": null,
        "display_value": null,
        "resource_subtype": "enum",
        "resource_type": "custom_field",
        "is_formula_field": false,
        "is_value_read_only": false,
        "type": "enum"
      },
      {
        "gid": "1204456891952868",
        "enabled": true,
        "enum_options": [
          {
            "gid": "1204456891952869",
            "color": "blue",
            "enabled": true,
            "name": "Not Started",
            "resource_type": "enum_option"
          },
          {
            "gid": "1204456891952870",
            "color": "cool-gray",
            "enabled": true,
            "name": "In Progress",
            "resource_type": "enum_option"
          },
          {
            "gid": "1204456891952871",
            "color": "yellow",
            "enabled": true,
            "name": "Waiting",
            "resource_type": "enum_option"
          },
          {
            "gid": "1204456891952872",
            "color": "orange",
            "enabled": true,
            "name": "Deferred",
            "resource_type": "enum_option"
          },
          {
            "gid": "1204456891952873",
            "color": "blue-green",
            "enabled": true,
            "name": "Done",
            "resource_type": "enum_option"
          }
        ],
        "enum_value": {
          "gid": "1204456891952873",
          "color": "blue-green",
          "enabled": true,
          "name": "Done",
          "resource_type": "enum_option"
        },
        "name": "Task Progress",
        "description": "Asana-created. Track the progress of each task.",
        "created_by": null,
        "display_value": "Done",
        "resource_subtype": "enum",
        "resource_type": "custom_field",
        "is_formula_field": false,
        "is_value_read_only": false,
        "type": "enum"
      },
      {
        "gid": "1204571851534991",
        "enabled": true,
        "name": "Estimated time",
        "description": "Asana-created. Estimate time to complete a task.",
        "number_value": null,
        "precision": 0,
        "created_by": null,
        "display_value": null,
        "resource_subtype": "number",
        "resource_type": "custom_field",
        "is_formula_field": false,
        "is_value_read_only": false,
        "type": "number"
      }
    ],
    "name": "Mockup Client Approval",
    "projects": [
      {
        "gid": "1205729427877491",
        "resource_type": "project"
      }
    ],
    "first_activity_at": "2023-10-16T16:43:33.172Z"
  },
  {
    "gid": "1205732095292561",
    "completed": true,
    "completed_at": "2023-10-23T15:49:52.104Z",
    "created_at": "2023-10-16T16:43:32.245Z",
    "custom_fields": [
      {
        "gid": "1204456891952863",
        "enabled": true,
        "enum_options": [
          {
            "gid": "1204456891952864",
            "color": "red",
            "enabled": true,
            "name": "High",
            "resource_type": "enum_option"
          },
          {
            "gid": "1204456891952865",
            "color": "orange",
            "enabled": true,
            "name": "Medium",
            "resource_type": "enum_option"
          },
          {
            "gid": "1204456891952866",
            "color": "yellow-orange",
            "enabled": true,
            "name": "Low",
            "resource_type": "enum_option"
          }
        ],
        "enum_value": null,
        "name": "Priority",
        "description": "Asana-created. Track the priority of each task.",
        "created_by": null,
        "display_value": null,
        "resource_subtype": "enum",
        "resource_type": "custom_field",
        "is_formula_field": false,
        "is_value_read_only": false,
        "type": "enum"
      },
      {
        "gid": "1204456891952868",
        "enabled": true,
        "enum_options": [
          {
            "gid": "1204456891952869",
            "color": "blue",
            "enabled": true,
            "name": "Not Started",
            "resource_type": "enum_option"
          },
          {
            "gid": "1204456891952870",
            "color": "cool-gray",
            "enabled": true,
            "name": "In Progress",
            "resource_type": "enum_option"
          },
          {
            "gid": "1204456891952871",
            "color": "yellow",
            "enabled": true,
            "name": "Waiting",
            "resource_type": "enum_option"
          },
          {
            "gid": "1204456891952872",
            "color": "orange",
            "enabled": true,
            "name": "Deferred",
            "resource_type": "enum_option"
          },
          {
            "gid": "1204456891952873",
            "color": "blue-green",
            "enabled": true,
            "name": "Done",
            "resource_type": "enum_option"
          }
        ],
        "enum_value": {
          "gid": "1204456891952873",
          "color": "blue-green",
          "enabled": true,
          "name": "Done",
          "resource_type": "enum_option"
        },
        "name": "Task Progress",
        "description": "Asana-created. Track the progress of each task.",
        "created_by": null,
        "display_value": "Done",
        "resource_subtype": "enum",
        "resource_type": "custom_field",
        "is_formula_field": false,
        "is_value_read_only": false,
        "type": "enum"
      },
      {
        "gid": "1204571851534991",
        "enabled": true,
        "name": "Estimated time",
        "description": "Asana-created. Estimate time to complete a task.",
        "number_value": null,
        "precision": 0,
        "created_by": null,
        "display_value": null,
        "resource_subtype": "number",
        "resource_type": "custom_field",
        "is_formula_field": false,
        "is_value_read_only": false,
        "type": "number"
      }
    ],
    "name": "Mobile Mockup",
    "projects": [
      {
        "gid": "1205729427877491",
        "resource_type": "project"
      }
    ],
    "first_activity_at": "2023-10-23T15:49:52.176Z"
  },
  {
    "gid": "1205732095363286",
    "completed": true,
    "completed_at": "2023-10-23T20:54:40.490Z",
    "created_at": "2023-10-16T16:43:33.622Z",
    "custom_fields": [
      {
        "gid": "1204456891952863",
        "enabled": true,
        "enum_options": [
          {
            "gid": "1204456891952864",
            "color": "red",
            "enabled": true,
            "name": "High",
            "resource_type": "enum_option"
          },
          {
            "gid": "1204456891952865",
            "color": "orange",
            "enabled": true,
            "name": "Medium",
            "resource_type": "enum_option"
          },
          {
            "gid": "1204456891952866",
            "color": "yellow-orange",
            "enabled": true,
            "name": "Low",
            "resource_type": "enum_option"
          }
        ],
        "enum_value": null,
        "name": "Priority",
        "description": "Asana-created. Track the priority of each task.",
        "created_by": null,
        "display_value": null,
        "resource_subtype": "enum",
        "resource_type": "custom_field",
        "is_formula_field": false,
        "is_value_read_only": false,
        "type": "enum"
      },
      {
        "gid": "1204456891952868",
        "enabled": true,
        "enum_options": [
          {
            "gid": "1204456891952869",
            "color": "blue",
            "enabled": true,
            "name": "Not Started",
            "resource_type": "enum_option"
          },
          {
            "gid": "1204456891952870",
            "color": "cool-gray",
            "enabled": true,
            "name": "In Progress",
            "resource_type": "enum_option"
          },
          {
            "gid": "1204456891952871",
            "color": "yellow",
            "enabled": true,
            "name": "Waiting",
            "resource_type": "enum_option"
          },
          {
            "gid": "1204456891952872",
            "color": "orange",
            "enabled": true,
            "name": "Deferred",
            "resource_type": "enum_option"
          },
          {
            "gid": "1204456891952873",
            "color": "blue-green",
            "enabled": true,
            "name": "Done",
            "resource_type": "enum_option"
          }
        ],
        "enum_value": {
          "gid": "1204456891952873",
          "color": "blue-green",
          "enabled": true,
          "name": "Done",
          "resource_type": "enum_option"
        },
        "name": "Task Progress",
        "description": "Asana-created. Track the progress of each task.",
        "created_by": null,
        "display_value": "Done",
        "resource_subtype": "enum",
        "resource_type": "custom_field",
        "is_formula_field": false,
        "is_value_read_only": false,
        "type": "enum"
      },
      {
        "gid": "1204571851534991",
        "enabled": true,
        "name": "Estimated time",
        "description": "Asana-created. Estimate time to complete a task.",
        "number_value": null,
        "precision": 0,
        "created_by": null,
        "display_value": null,
        "resource_subtype": "number",
        "resource_type": "custom_field",
        "is_formula_field": false,
        "is_value_read_only": false,
        "type": "number"
      }
    ],
    "name": "Gather Photos and Assets into Google Folder",
    "projects": [
      {
        "gid": "1205729427877491",
        "resource_type": "project"
      }
    ],
    "first_activity_at": "2023-10-16T16:43:37.223Z"
  },
  {
    "gid": "1205732749828077",
    "completed": true,
    "completed_at": "2023-12-29T15:03:16.885Z",
    "created_at": "2023-10-16T16:43:37.578Z",
    "custom_fields": [
      {
        "gid": "1204456891952863",
        "enabled": true,
        "enum_options": [
          {
            "gid": "1204456891952864",
            "color": "red",
            "enabled": true,
            "name": "High",
            "resource_type": "enum_option"
          },
          {
            "gid": "1204456891952865",
            "color": "orange",
            "enabled": true,
            "name": "Medium",
            "resource_type": "enum_option"
          },
          {
            "gid": "1204456891952866",
            "color": "yellow-orange",
            "enabled": true,
            "name": "Low",
            "resource_type": "enum_option"
          }
        ],
        "enum_value": null,
        "name": "Priority",
        "description": "Asana-created. Track the priority of each task.",
        "created_by": null,
        "display_value": null,
        "resource_subtype": "enum",
        "resource_type": "custom_field",
        "is_formula_field": false,
        "is_value_read_only": false,
        "type": "enum"
      },
      {
        "gid": "1204456891952868",
        "enabled": true,
        "enum_options": [
          {
            "gid": "1204456891952869",
            "color": "blue",
            "enabled": true,
            "name": "Not Started",
            "resource_type": "enum_option"
          },
          {
            "gid": "1204456891952870",
            "color": "cool-gray",
            "enabled": true,
            "name": "In Progress",
            "resource_type": "enum_option"
          },
          {
            "gid": "1204456891952871",
            "color": "yellow",
            "enabled": true,
            "name": "Waiting",
            "resource_type": "enum_option"
          },
          {
            "gid": "1204456891952872",
            "color": "orange",
            "enabled": true,
            "name": "Deferred",
            "resource_type": "enum_option"
          },
          {
            "gid": "1204456891952873",
            "color": "blue-green",
            "enabled": true,
            "name": "Done",
            "resource_type": "enum_option"
          }
        ],
        "enum_value": {
          "gid": "1204456891952873",
          "color": "blue-green",
          "enabled": true,
          "name": "Done",
          "resource_type": "enum_option"
        },
        "name": "Task Progress",
        "description": "Asana-created. Track the progress of each task.",
        "created_by": null,
        "display_value": "Done",
        "resource_subtype": "enum",
        "resource_type": "custom_field",
        "is_formula_field": false,
        "is_value_read_only": false,
        "type": "enum"
      },
      {
        "gid": "1204571851534991",
        "enabled": true,
        "name": "Estimated time",
        "description": "Asana-created. Estimate time to complete a task.",
        "number_value": null,
        "precision": 0,
        "created_by": null,
        "display_value": null,
        "resource_subtype": "number",
        "resource_type": "custom_field",
        "is_formula_field": false,
        "is_value_read_only": false,
        "type": "number"
      }
    ],
    "name": "Development",
    "projects": [
      {
        "gid": "1205729427877491",
        "resource_type": "project"
      }
    ],
    "first_activity_at": "2023-10-16T16:43:38.580Z"
  },
  {
    "gid": "1205732749828083",
    "completed": true,
    "completed_at": "2023-12-29T15:03:15.795Z",
    "created_at": "2023-10-16T16:43:37.750Z",
    "custom_fields": [
      {
        "gid": "1204456891952863",
        "enabled": true,
        "enum_options": [
          {
            "gid": "1204456891952864",
            "color": "red",
            "enabled": true,
            "name": "High",
            "resource_type": "enum_option"
          },
          {
            "gid": "1204456891952865",
            "color": "orange",
            "enabled": true,
            "name": "Medium",
            "resource_type": "enum_option"
          },
          {
            "gid": "1204456891952866",
            "color": "yellow-orange",
            "enabled": true,
            "name": "Low",
            "resource_type": "enum_option"
          }
        ],
        "enum_value": null,
        "name": "Priority",
        "description": "Asana-created. Track the priority of each task.",
        "created_by": null,
        "display_value": null,
        "resource_subtype": "enum",
        "resource_type": "custom_field",
        "is_formula_field": false,
        "is_value_read_only": false,
        "type": "enum"
      },
      {
        "gid": "1204456891952868",
        "enabled": true,
        "enum_options": [
          {
            "gid": "1204456891952869",
            "color": "blue",
            "enabled": true,
            "name": "Not Started",
            "resource_type": "enum_option"
          },
          {
            "gid": "1204456891952870",
            "color": "cool-gray",
            "enabled": true,
            "name": "In Progress",
            "resource_type": "enum_option"
          },
          {
            "gid": "1204456891952871",
            "color": "yellow",
            "enabled": true,
            "name": "Waiting",
            "resource_type": "enum_option"
          },
          {
            "gid": "1204456891952872",
            "color": "orange",
            "enabled": true,
            "name": "Deferred",
            "resource_type": "enum_option"
          },
          {
            "gid": "1204456891952873",
            "color": "blue-green",
            "enabled": true,
            "name": "Done",
            "resource_type": "enum_option"
          }
        ],
        "enum_value": {
          "gid": "1204456891952873",
          "color": "blue-green",
          "enabled": true,
          "name": "Done",
          "resource_type": "enum_option"
        },
        "name": "Task Progress",
        "description": "Asana-created. Track the progress of each task.",
        "created_by": null,
        "display_value": "Done",
        "resource_subtype": "enum",
        "resource_type": "custom_field",
        "is_formula_field": false,
        "is_value_read_only": false,
        "type": "enum"
      },
      {
        "gid": "1204571851534991",
        "enabled": true,
        "name": "Estimated time",
        "description": "Asana-created. Estimate time to complete a task.",
        "number_value": null,
        "precision": 0,
        "created_by": null,
        "display_value": null,
        "resource_subtype": "number",
        "resource_type": "custom_field",
        "is_formula_field": false,
        "is_value_read_only": false,
        "type": "number"
      }
    ],
    "name": "Development Internal Review",
    "projects": [
      {
        "gid": "1205729427877491",
        "resource_type": "project"
      }
    ],
    "first_activity_at": "2023-10-16T16:43:38.575Z"
  },
  {
    "gid": "1205732751444143",
    "completed": true,
    "completed_at": "2023-12-29T15:03:07.668Z",
    "created_at": "2023-10-16T16:43:37.898Z",
    "custom_fields": [
      {
        "gid": "1204456891952863",
        "enabled": true,
        "enum_options": [
          {
            "gid": "1204456891952864",
            "color": "red",
            "enabled": true,
            "name": "High",
            "resource_type": "enum_option"
          },
          {
            "gid": "1204456891952865",
            "color": "orange",
            "enabled": true,
            "name": "Medium",
            "resource_type": "enum_option"
          },
          {
            "gid": "1204456891952866",
            "color": "yellow-orange",
            "enabled": true,
            "name": "Low",
            "resource_type": "enum_option"
          }
        ],
        "enum_value": null,
        "name": "Priority",
        "description": "Asana-created. Track the priority of each task.",
        "created_by": null,
        "display_value": null,
        "resource_subtype": "enum",
        "resource_type": "custom_field",
        "is_formula_field": false,
        "is_value_read_only": false,
        "type": "enum"
      },
      {
        "gid": "1204456891952868",
        "enabled": true,
        "enum_options": [
          {
            "gid": "1204456891952869",
            "color": "blue",
            "enabled": true,
            "name": "Not Started",
            "resource_type": "enum_option"
          },
          {
            "gid": "1204456891952870",
            "color": "cool-gray",
            "enabled": true,
            "name": "In Progress",
            "resource_type": "enum_option"
          },
          {
            "gid": "1204456891952871",
            "color": "yellow",
            "enabled": true,
            "name": "Waiting",
            "resource_type": "enum_option"
          },
          {
            "gid": "1204456891952872",
            "color": "orange",
            "enabled": true,
            "name": "Deferred",
            "resource_type": "enum_option"
          },
          {
            "gid": "1204456891952873",
            "color": "blue-green",
            "enabled": true,
            "name": "Done",
            "resource_type": "enum_option"
          }
        ],
        "enum_value": {
          "gid": "1204456891952873",
          "color": "blue-green",
          "enabled": true,
          "name": "Done",
          "resource_type": "enum_option"
        },
        "name": "Task Progress",
        "description": "Asana-created. Track the progress of each task.",
        "created_by": null,
        "display_value": "Done",
        "resource_subtype": "enum",
        "resource_type": "custom_field",
        "is_formula_field": false,
        "is_value_read_only": false,
        "type": "enum"
      },
      {
        "gid": "1204571851534991",
        "enabled": true,
        "name": "Estimated time",
        "description": "Asana-created. Estimate time to complete a task.",
        "number_value": null,
        "precision": 0,
        "created_by": null,
        "display_value": null,
        "resource_subtype": "number",
        "resource_type": "custom_field",
        "is_formula_field": false,
        "is_value_read_only": false,
        "type": "number"
      }
    ],
    "name": "Development Internal Review Revisions",
    "projects": [
      {
        "gid": "1205729427877491",
        "resource_type": "project"
      }
    ],
    "first_activity_at": "2023-12-29T15:03:07.726Z"
  },
  {
    "gid": "1205732751444149",
    "completed": true,
    "completed_at": "2023-12-29T15:02:50.597Z",
    "created_at": "2023-10-16T16:43:38.042Z",
    "custom_fields": [
      {
        "gid": "1204456891952863",
        "enabled": true,
        "enum_options": [
          {
            "gid": "1204456891952864",
            "color": "red",
            "enabled": true,
            "name": "High",
            "resource_type": "enum_option"
          },
          {
            "gid": "1204456891952865",
            "color": "orange",
            "enabled": true,
            "name": "Medium",
            "resource_type": "enum_option"
          },
          {
            "gid": "1204456891952866",
            "color": "yellow-orange",
            "enabled": true,
            "name": "Low",
            "resource_type": "enum_option"
          }
        ],
        "enum_value": null,
        "name": "Priority",
        "description": "Asana-created. Track the priority of each task.",
        "created_by": null,
        "display_value": null,
        "resource_subtype": "enum",
        "resource_type": "custom_field",
        "is_formula_field": false,
        "is_value_read_only": false,
        "type": "enum"
      },
      {
        "gid": "1204456891952868",
        "enabled": true,
        "enum_options": [
          {
            "gid": "1204456891952869",
            "color": "blue",
            "enabled": true,
            "name": "Not Started",
            "resource_type": "enum_option"
          },
          {
            "gid": "1204456891952870",
            "color": "cool-gray",
            "enabled": true,
            "name": "In Progress",
            "resource_type": "enum_option"
          },
          {
            "gid": "1204456891952871",
            "color": "yellow",
            "enabled": true,
            "name": "Waiting",
            "resource_type": "enum_option"
          },
          {
            "gid": "1204456891952872",
            "color": "orange",
            "enabled": true,
            "name": "Deferred",
            "resource_type": "enum_option"
          },
          {
            "gid": "1204456891952873",
            "color": "blue-green",
            "enabled": true,
            "name": "Done",
            "resource_type": "enum_option"
          }
        ],
        "enum_value": {
          "gid": "1204456891952873",
          "color": "blue-green",
          "enabled": true,
          "name": "Done",
          "resource_type": "enum_option"
        },
        "name": "Task Progress",
        "description": "Asana-created. Track the progress of each task.",
        "created_by": null,
        "display_value": "Done",
        "resource_subtype": "enum",
        "resource_type": "custom_field",
        "is_formula_field": false,
        "is_value_read_only": false,
        "type": "enum"
      },
      {
        "gid": "1204571851534991",
        "enabled": true,
        "name": "Estimated time",
        "description": "Asana-created. Estimate time to complete a task.",
        "number_value": null,
        "precision": 0,
        "created_by": null,
        "display_value": null,
        "resource_subtype": "number",
        "resource_type": "custom_field",
        "is_formula_field": false,
        "is_value_read_only": false,
        "type": "number"
      }
    ],
    "name": "Development Client Review",
    "projects": [
      {
        "gid": "1205729427877491",
        "resource_type": "project"
      }
    ],
    "first_activity_at": "2023-10-16T16:43:38.683Z"
  },
  {
    "gid": "1205732751444155",
    "completed": true,
    "completed_at": "2023-12-29T15:02:47.956Z",
    "created_at": "2023-10-16T16:43:38.224Z",
    "custom_fields": [
      {
        "gid": "1204456891952863",
        "enabled": true,
        "enum_options": [
          {
            "gid": "1204456891952864",
            "color": "red",
            "enabled": true,
            "name": "High",
            "resource_type": "enum_option"
          },
          {
            "gid": "1204456891952865",
            "color": "orange",
            "enabled": true,
            "name": "Medium",
            "resource_type": "enum_option"
          },
          {
            "gid": "1204456891952866",
            "color": "yellow-orange",
            "enabled": true,
            "name": "Low",
            "resource_type": "enum_option"
          }
        ],
        "enum_value": null,
        "name": "Priority",
        "description": "Asana-created. Track the priority of each task.",
        "created_by": null,
        "display_value": null,
        "resource_subtype": "enum",
        "resource_type": "custom_field",
        "is_formula_field": false,
        "is_value_read_only": false,
        "type": "enum"
      },
      {
        "gid": "1204456891952868",
        "enabled": true,
        "enum_options": [
          {
            "gid": "1204456891952869",
            "color": "blue",
            "enabled": true,
            "name": "Not Started",
            "resource_type": "enum_option"
          },
          {
            "gid": "1204456891952870",
            "color": "cool-gray",
            "enabled": true,
            "name": "In Progress",
            "resource_type": "enum_option"
          },
          {
            "gid": "1204456891952871",
            "color": "yellow",
            "enabled": true,
            "name": "Waiting",
            "resource_type": "enum_option"
          },
          {
            "gid": "1204456891952872",
            "color": "orange",
            "enabled": true,
            "name": "Deferred",
            "resource_type": "enum_option"
          },
          {
            "gid": "1204456891952873",
            "color": "blue-green",
            "enabled": true,
            "name": "Done",
            "resource_type": "enum_option"
          }
        ],
        "enum_value": {
          "gid": "1204456891952873",
          "color": "blue-green",
          "enabled": true,
          "name": "Done",
          "resource_type": "enum_option"
        },
        "name": "Task Progress",
        "description": "Asana-created. Track the progress of each task.",
        "created_by": null,
        "display_value": "Done",
        "resource_subtype": "enum",
        "resource_type": "custom_field",
        "is_formula_field": false,
        "is_value_read_only": false,
        "type": "enum"
      },
      {
        "gid": "1204571851534991",
        "enabled": true,
        "name": "Estimated time",
        "description": "Asana-created. Estimate time to complete a task.",
        "number_value": null,
        "precision": 0,
        "created_by": null,
        "display_value": null,
        "resource_subtype": "number",
        "resource_type": "custom_field",
        "is_formula_field": false,
        "is_value_read_only": false,
        "type": "number"
      }
    ],
    "name": "Development Client Approval",
    "projects": [
      {
        "gid": "1205729427877491",
        "resource_type": "project"
      }
    ],
    "first_activity_at": "2023-10-16T16:43:38.881Z"
  },
  {
    "gid": "1205732751495629",
    "completed": true,
    "completed_at": "2024-01-03T21:55:03.667Z",
    "created_at": "2023-10-16T16:43:39.157Z",
    "custom_fields": [
      {
        "gid": "1204456891952863",
        "enabled": true,
        "enum_options": [
          {
            "gid": "1204456891952864",
            "color": "red",
            "enabled": true,
            "name": "High",
            "resource_type": "enum_option"
          },
          {
            "gid": "1204456891952865",
            "color": "orange",
            "enabled": true,
            "name": "Medium",
            "resource_type": "enum_option"
          },
          {
            "gid": "1204456891952866",
            "color": "yellow-orange",
            "enabled": true,
            "name": "Low",
            "resource_type": "enum_option"
          }
        ],
        "enum_value": null,
        "name": "Priority",
        "description": "Asana-created. Track the priority of each task.",
        "created_by": null,
        "display_value": null,
        "resource_subtype": "enum",
        "resource_type": "custom_field",
        "is_formula_field": false,
        "is_value_read_only": false,
        "type": "enum"
      },
      {
        "gid": "1204456891952868",
        "enabled": true,
        "enum_options": [
          {
            "gid": "1204456891952869",
            "color": "blue",
            "enabled": true,
            "name": "Not Started",
            "resource_type": "enum_option"
          },
          {
            "gid": "1204456891952870",
            "color": "cool-gray",
            "enabled": true,
            "name": "In Progress",
            "resource_type": "enum_option"
          },
          {
            "gid": "1204456891952871",
            "color": "yellow",
            "enabled": true,
            "name": "Waiting",
            "resource_type": "enum_option"
          },
          {
            "gid": "1204456891952872",
            "color": "orange",
            "enabled": true,
            "name": "Deferred",
            "resource_type": "enum_option"
          },
          {
            "gid": "1204456891952873",
            "color": "blue-green",
            "enabled": true,
            "name": "Done",
            "resource_type": "enum_option"
          }
        ],
        "enum_value": {
          "gid": "1204456891952873",
          "color": "blue-green",
          "enabled": true,
          "name": "Done",
          "resource_type": "enum_option"
        },
        "name": "Task Progress",
        "description": "Asana-created. Track the progress of each task.",
        "created_by": null,
        "display_value": "Done",
        "resource_subtype": "enum",
        "resource_type": "custom_field",
        "is_formula_field": false,
        "is_value_read_only": false,
        "type": "enum"
      },
      {
        "gid": "1204571851534991",
        "enabled": true,
        "name": "Estimated time",
        "description": "Asana-created. Estimate time to complete a task.",
        "number_value": null,
        "precision": 0,
        "created_by": null,
        "display_value": null,
        "resource_subtype": "number",
        "resource_type": "custom_field",
        "is_formula_field": false,
        "is_value_read_only": false,
        "type": "number"
      }
    ],
    "name": "Launch",
    "projects": [
      {
        "gid": "1205729427877491",
        "resource_type": "project"
      }
    ],
    "first_activity_at": "2023-10-16T16:43:39.598Z"
  },
  {
    "gid": "1205732751495635",
    "completed": false,
    "completed_at": null,
    "created_at": "2023-10-16T16:43:39.314Z",
    "custom_fields": [
      {
        "gid": "1204456891952863",
        "enabled": true,
        "enum_options": [
          {
            "gid": "1204456891952864",
            "color": "red",
            "enabled": true,
            "name": "High",
            "resource_type": "enum_option"
          },
          {
            "gid": "1204456891952865",
            "color": "orange",
            "enabled": true,
            "name": "Medium",
            "resource_type": "enum_option"
          },
          {
            "gid": "1204456891952866",
            "color": "yellow-orange",
            "enabled": true,
            "name": "Low",
            "resource_type": "enum_option"
          }
        ],
        "enum_value": null,
        "name": "Priority",
        "description": "Asana-created. Track the priority of each task.",
        "created_by": null,
        "display_value": null,
        "resource_subtype": "enum",
        "resource_type": "custom_field",
        "is_formula_field": false,
        "is_value_read_only": false,
        "type": "enum"
      },
      {
        "gid": "1204456891952868",
        "enabled": true,
        "enum_options": [
          {
            "gid": "1204456891952869",
            "color": "blue",
            "enabled": true,
            "name": "Not Started",
            "resource_type": "enum_option"
          },
          {
            "gid": "1204456891952870",
            "color": "cool-gray",
            "enabled": true,
            "name": "In Progress",
            "resource_type": "enum_option"
          },
          {
            "gid": "1204456891952871",
            "color": "yellow",
            "enabled": true,
            "name": "Waiting",
            "resource_type": "enum_option"
          },
          {
            "gid": "1204456891952872",
            "color": "orange",
            "enabled": true,
            "name": "Deferred",
            "resource_type": "enum_option"
          },
          {
            "gid": "1204456891952873",
            "color": "blue-green",
            "enabled": true,
            "name": "Done",
            "resource_type": "enum_option"
          }
        ],
        "enum_value": {
          "gid": "1204456891952869",
          "color": "blue",
          "enabled": true,
          "name": "Not Started",
          "resource_type": "enum_option"
        },
        "name": "Task Progress",
        "description": "Asana-created. Track the progress of each task.",
        "created_by": null,
        "display_value": "Not Started",
        "resource_subtype": "enum",
        "resource_type": "custom_field",
        "is_formula_field": false,
        "is_value_read_only": false,
        "type": "enum"
      },
      {
        "gid": "1204571851534991",
        "enabled": true,
        "name": "Estimated time",
        "description": "Asana-created. Estimate time to complete a task.",
        "number_value": null,
        "precision": 0,
        "created_by": null,
        "display_value": null,
        "resource_subtype": "number",
        "resource_type": "custom_field",
        "is_formula_field": false,
        "is_value_read_only": false,
        "type": "number"
      }
    ],
    "name": "Training Videos",
    "projects": [
      {
        "gid": "1205729427877491",
        "resource_type": "project"
      }
    ],
    "first_activity_at": "2023-10-16T16:43:39.592Z"
  }
]