[
  {
    "gid": "1206888809807933",
    "completed": true,
    "completed_at": "2024-03-20T14:25:10.543Z",
    "created_at": "2024-03-20T14:24:23.613Z",
    "custom_fields": [
      {
        "gid": "1204456891952863",
        "enabled": true,
        "enum_options": [
          {
            "gid": "1204456891952864",
            "color": "red",
            "enabled": true,
            "name": "High",
            "resource_type": "enum_option"
          },
          {
            "gid": "1204456891952865",
            "color": "orange",
            "enabled": true,
            "name": "Medium",
            "resource_type": "enum_option"
          },
          {
            "gid": "1204456891952866",
            "color": "yellow-orange",
            "enabled": true,
            "name": "Low",
            "resource_type": "enum_option"
          }
        ],
        "enum_value": null,
        "name": "Priority",
        "description": "Asana-created. Track the priority of each task.",
        "created_by": null,
        "display_value": null,
        "resource_subtype": "enum",
        "resource_type": "custom_field",
        "is_formula_field": false,
        "is_value_read_only": false,
        "type": "enum"
      },
      {
        "gid": "1204456891952868",
        "enabled": true,
        "enum_options": [
          {
            "gid": "1204456891952869",
            "color": "blue",
            "enabled": true,
            "name": "Not Started",
            "resource_type": "enum_option"
          },
          {
            "gid": "1204456891952870",
            "color": "cool-gray",
            "enabled": true,
            "name": "In Progress",
            "resource_type": "enum_option"
          },
          {
            "gid": "1204456891952871",
            "color": "yellow",
            "enabled": true,
            "name": "Waiting",
            "resource_type": "enum_option"
          },
          {
            "gid": "1204456891952872",
            "color": "orange",
            "enabled": true,
            "name": "Deferred",
            "resource_type": "enum_option"
          },
          {
            "gid": "1204456891952873",
            "color": "blue-green",
            "enabled": true,
            "name": "Done",
            "resource_type": "enum_option"
          }
        ],
        "enum_value": {
          "gid": "1204456891952873",
          "color": "blue-green",
          "enabled": true,
          "name": "Done",
          "resource_type": "enum_option"
        },
        "name": "Task Progress",
        "description": "Asana-created. Track the progress of each task.",
        "created_by": null,
        "display_value": "Done",
        "resource_subtype": "enum",
        "resource_type": "custom_field",
        "is_formula_field": false,
        "is_value_read_only": false,
        "type": "enum"
      },
      {
        "gid": "1204571851534991",
        "enabled": true,
        "name": "Estimated time",
        "description": "Asana-created. Estimate time to complete a task.",
        "number_value": null,
        "precision": 0,
        "created_by": null,
        "display_value": null,
        "resource_subtype": "number",
        "resource_type": "custom_field",
        "is_formula_field": false,
        "is_value_read_only": false,
        "type": "number"
      }
    ],
    "name": "Onboarding Meeting",
    "projects": [
      {
        "gid": "1206887800699961",
        "resource_type": "project"
      }
    ],
    "first_activity_at": "2024-03-20T14:25:09.943Z"
  },
  {
    "gid": "1206888809807943",
    "completed": true,
    "completed_at": "2024-10-08T14:09:18.113Z",
    "created_at": "2024-03-20T14:24:23.903Z",
    "custom_fields": [
      {
        "gid": "1204456891952863",
        "enabled": true,
        "enum_options": [
          {
            "gid": "1204456891952864",
            "color": "red",
            "enabled": true,
            "name": "High",
            "resource_type": "enum_option"
          },
          {
            "gid": "1204456891952865",
            "color": "orange",
            "enabled": true,
            "name": "Medium",
            "resource_type": "enum_option"
          },
          {
            "gid": "1204456891952866",
            "color": "yellow-orange",
            "enabled": true,
            "name": "Low",
            "resource_type": "enum_option"
          }
        ],
        "enum_value": null,
        "name": "Priority",
        "description": "Asana-created. Track the priority of each task.",
        "created_by": null,
        "display_value": null,
        "resource_subtype": "enum",
        "resource_type": "custom_field",
        "is_formula_field": false,
        "is_value_read_only": false,
        "type": "enum"
      },
      {
        "gid": "1204456891952868",
        "enabled": true,
        "enum_options": [
          {
            "gid": "1204456891952869",
            "color": "blue",
            "enabled": true,
            "name": "Not Started",
            "resource_type": "enum_option"
          },
          {
            "gid": "1204456891952870",
            "color": "cool-gray",
            "enabled": true,
            "name": "In Progress",
            "resource_type": "enum_option"
          },
          {
            "gid": "1204456891952871",
            "color": "yellow",
            "enabled": true,
            "name": "Waiting",
            "resource_type": "enum_option"
          },
          {
            "gid": "1204456891952872",
            "color": "orange",
            "enabled": true,
            "name": "Deferred",
            "resource_type": "enum_option"
          },
          {
            "gid": "1204456891952873",
            "color": "blue-green",
            "enabled": true,
            "name": "Done",
            "resource_type": "enum_option"
          }
        ],
        "enum_value": {
          "gid": "1204456891952873",
          "color": "blue-green",
          "enabled": true,
          "name": "Done",
          "resource_type": "enum_option"
        },
        "name": "Task Progress",
        "description": "Asana-created. Track the progress of each task.",
        "created_by": null,
        "display_value": "Done",
        "resource_subtype": "enum",
        "resource_type": "custom_field",
        "is_formula_field": false,
        "is_value_read_only": false,
        "type": "enum"
      },
      {
        "gid": "1204571851534991",
        "enabled": true,
        "name": "Estimated time",
        "description": "Asana-created. Estimate time to complete a task.",
        "number_value": null,
        "precision": 0,
        "created_by": null,
        "display_value": null,
        "resource_subtype": "number",
        "resource_type": "custom_field",
        "is_formula_field": false,
        "is_value_read_only": false,
        "type": "number"
      }
    ],
    "name": "Assets",
    "projects": [
      {
        "gid": "1206887800699961",
        "resource_type": "project"
      }
    ],
    "first_activity_at": "2024-10-08T14:09:18.245Z"
  },
  {
    "gid": "1206888809807953",
    "completed": true,
    "completed_at": "2024-03-22T16:08:31.011Z",
    "created_at": "2024-03-20T14:24:24.162Z",
    "custom_fields": [
      {
        "gid": "1204456891952863",
        "enabled": true,
        "enum_options": [
          {
            "gid": "1204456891952864",
            "color": "red",
            "enabled": true,
            "name": "High",
            "resource_type": "enum_option"
          },
          {
            "gid": "1204456891952865",
            "color": "orange",
            "enabled": true,
            "name": "Medium",
            "resource_type": "enum_option"
          },
          {
            "gid": "1204456891952866",
            "color": "yellow-orange",
            "enabled": true,
            "name": "Low",
            "resource_type": "enum_option"
          }
        ],
        "enum_value": null,
        "name": "Priority",
        "description": "Asana-created. Track the priority of each task.",
        "created_by": null,
        "display_value": null,
        "resource_subtype": "enum",
        "resource_type": "custom_field",
        "is_formula_field": false,
        "is_value_read_only": false,
        "type": "enum"
      },
      {
        "gid": "1204456891952868",
        "enabled": true,
        "enum_options": [
          {
            "gid": "1204456891952869",
            "color": "blue",
            "enabled": true,
            "name": "Not Started",
            "resource_type": "enum_option"
          },
          {
            "gid": "1204456891952870",
            "color": "cool-gray",
            "enabled": true,
            "name": "In Progress",
            "resource_type": "enum_option"
          },
          {
            "gid": "1204456891952871",
            "color": "yellow",
            "enabled": true,
            "name": "Waiting",
            "resource_type": "enum_option"
          },
          {
            "gid": "1204456891952872",
            "color": "orange",
            "enabled": true,
            "name": "Deferred",
            "resource_type": "enum_option"
          },
          {
            "gid": "1204456891952873",
            "color": "blue-green",
            "enabled": true,
            "name": "Done",
            "resource_type": "enum_option"
          }
        ],
        "enum_value": {
          "gid": "1204456891952873",
          "color": "blue-green",
          "enabled": true,
          "name": "Done",
          "resource_type": "enum_option"
        },
        "name": "Task Progress",
        "description": "Asana-created. Track the progress of each task.",
        "created_by": null,
        "display_value": "Done",
        "resource_subtype": "enum",
        "resource_type": "custom_field",
        "is_formula_field": false,
        "is_value_read_only": false,
        "type": "enum"
      },
      {
        "gid": "1204571851534991",
        "enabled": true,
        "name": "Estimated time",
        "description": "Asana-created. Estimate time to complete a task.",
        "number_value": null,
        "precision": 0,
        "created_by": null,
        "display_value": null,
        "resource_subtype": "number",
        "resource_type": "custom_field",
        "is_formula_field": false,
        "is_value_read_only": false,
        "type": "number"
      }
    ],
    "name": "Creative Brief",
    "projects": [
      {
        "gid": "1206887800699961",
        "resource_type": "project"
      }
    ],
    "first_activity_at": "2024-03-20T14:25:26.661Z"
  },
  {
    "gid": "1206888809876263",
    "completed": true,
    "completed_at": "2024-04-05T19:50:49.219Z",
    "created_at": "2024-03-20T14:24:24.410Z",
    "custom_fields": [
      {
        "gid": "1204456891952863",
        "enabled": true,
        "enum_options": [
          {
            "gid": "1204456891952864",
            "color": "red",
            "enabled": true,
            "name": "High",
            "resource_type": "enum_option"
          },
          {
            "gid": "1204456891952865",
            "color": "orange",
            "enabled": true,
            "name": "Medium",
            "resource_type": "enum_option"
          },
          {
            "gid": "1204456891952866",
            "color": "yellow-orange",
            "enabled": true,
            "name": "Low",
            "resource_type": "enum_option"
          }
        ],
        "enum_value": null,
        "name": "Priority",
        "description": "Asana-created. Track the priority of each task.",
        "created_by": null,
        "display_value": null,
        "resource_subtype": "enum",
        "resource_type": "custom_field",
        "is_formula_field": false,
        "is_value_read_only": false,
        "type": "enum"
      },
      {
        "gid": "1204456891952868",
        "enabled": true,
        "enum_options": [
          {
            "gid": "1204456891952869",
            "color": "blue",
            "enabled": true,
            "name": "Not Started",
            "resource_type": "enum_option"
          },
          {
            "gid": "1204456891952870",
            "color": "cool-gray",
            "enabled": true,
            "name": "In Progress",
            "resource_type": "enum_option"
          },
          {
            "gid": "1204456891952871",
            "color": "yellow",
            "enabled": true,
            "name": "Waiting",
            "resource_type": "enum_option"
          },
          {
            "gid": "1204456891952872",
            "color": "orange",
            "enabled": true,
            "name": "Deferred",
            "resource_type": "enum_option"
          },
          {
            "gid": "1204456891952873",
            "color": "blue-green",
            "enabled": true,
            "name": "Done",
            "resource_type": "enum_option"
          }
        ],
        "enum_value": {
          "gid": "1204456891952873",
          "color": "blue-green",
          "enabled": true,
          "name": "Done",
          "resource_type": "enum_option"
        },
        "name": "Task Progress",
        "description": "Asana-created. Track the progress of each task.",
        "created_by": null,
        "display_value": "Done",
        "resource_subtype": "enum",
        "resource_type": "custom_field",
        "is_formula_field": false,
        "is_value_read_only": false,
        "type": "enum"
      },
      {
        "gid": "1204571851534991",
        "enabled": true,
        "name": "Estimated time",
        "description": "Asana-created. Estimate time to complete a task.",
        "number_value": null,
        "precision": 0,
        "created_by": null,
        "display_value": null,
        "resource_subtype": "number",
        "resource_type": "custom_field",
        "is_formula_field": false,
        "is_value_read_only": false,
        "type": "number"
      }
    ],
    "name": "Written Content",
    "projects": [
      {
        "gid": "1206887800699961",
        "resource_type": "project"
      }
    ],
    "first_activity_at": "2024-04-05T19:50:49.252Z"
  },
  {
    "gid": "1206888809876284",
    "completed": true,
    "completed_at": "2024-05-10T17:59:41.081Z",
    "created_at": "2024-03-20T14:24:25.710Z",
    "custom_fields": [
      {
        "gid": "1204456891952863",
        "enabled": true,
        "enum_options": [
          {
            "gid": "1204456891952864",
            "color": "red",
            "enabled": true,
            "name": "High",
            "resource_type": "enum_option"
          },
          {
            "gid": "1204456891952865",
            "color": "orange",
            "enabled": true,
            "name": "Medium",
            "resource_type": "enum_option"
          },
          {
            "gid": "1204456891952866",
            "color": "yellow-orange",
            "enabled": true,
            "name": "Low",
            "resource_type": "enum_option"
          }
        ],
        "enum_value": null,
        "name": "Priority",
        "description": "Asana-created. Track the priority of each task.",
        "created_by": null,
        "display_value": null,
        "resource_subtype": "enum",
        "resource_type": "custom_field",
        "is_formula_field": false,
        "is_value_read_only": false,
        "type": "enum"
      },
      {
        "gid": "1204456891952868",
        "enabled": true,
        "enum_options": [
          {
            "gid": "1204456891952869",
            "color": "blue",
            "enabled": true,
            "name": "Not Started",
            "resource_type": "enum_option"
          },
          {
            "gid": "1204456891952870",
            "color": "cool-gray",
            "enabled": true,
            "name": "In Progress",
            "resource_type": "enum_option"
          },
          {
            "gid": "1204456891952871",
            "color": "yellow",
            "enabled": true,
            "name": "Waiting",
            "resource_type": "enum_option"
          },
          {
            "gid": "1204456891952872",
            "color": "orange",
            "enabled": true,
            "name": "Deferred",
            "resource_type": "enum_option"
          },
          {
            "gid": "1204456891952873",
            "color": "blue-green",
            "enabled": true,
            "name": "Done",
            "resource_type": "enum_option"
          }
        ],
        "enum_value": {
          "gid": "1204456891952873",
          "color": "blue-green",
          "enabled": true,
          "name": "Done",
          "resource_type": "enum_option"
        },
        "name": "Task Progress",
        "description": "Asana-created. Track the progress of each task.",
        "created_by": null,
        "display_value": "Done",
        "resource_subtype": "enum",
        "resource_type": "custom_field",
        "is_formula_field": false,
        "is_value_read_only": false,
        "type": "enum"
      },
      {
        "gid": "1204571851534991",
        "enabled": true,
        "name": "Estimated time",
        "description": "Asana-created. Estimate time to complete a task.",
        "number_value": null,
        "precision": 0,
        "created_by": null,
        "display_value": null,
        "resource_subtype": "number",
        "resource_type": "custom_field",
        "is_formula_field": false,
        "is_value_read_only": false,
        "type": "number"
      }
    ],
    "name": "Design Mockup",
    "projects": [
      {
        "gid": "1206887800699961",
        "resource_type": "project"
      }
    ],
    "first_activity_at": "2024-03-25T16:49:33.739Z"
  },
  {
    "gid": "1206888809987639",
    "completed": true,
    "completed_at": "2024-06-13T19:12:54.455Z",
    "created_at": "2024-03-20T14:24:25.987Z",
    "custom_fields": [
      {
        "gid": "1204456891952863",
        "enabled": true,
        "enum_options": [
          {
            "gid": "1204456891952864",
            "color": "red",
            "enabled": true,
            "name": "High",
            "resource_type": "enum_option"
          },
          {
            "gid": "1204456891952865",
            "color": "orange",
            "enabled": true,
            "name": "Medium",
            "resource_type": "enum_option"
          },
          {
            "gid": "1204456891952866",
            "color": "yellow-orange",
            "enabled": true,
            "name": "Low",
            "resource_type": "enum_option"
          }
        ],
        "enum_value": null,
        "name": "Priority",
        "description": "Asana-created. Track the priority of each task.",
        "created_by": null,
        "display_value": null,
        "resource_subtype": "enum",
        "resource_type": "custom_field",
        "is_formula_field": false,
        "is_value_read_only": false,
        "type": "enum"
      },
      {
        "gid": "1204456891952868",
        "enabled": true,
        "enum_options": [
          {
            "gid": "1204456891952869",
            "color": "blue",
            "enabled": true,
            "name": "Not Started",
            "resource_type": "enum_option"
          },
          {
            "gid": "1204456891952870",
            "color": "cool-gray",
            "enabled": true,
            "name": "In Progress",
            "resource_type": "enum_option"
          },
          {
            "gid": "1204456891952871",
            "color": "yellow",
            "enabled": true,
            "name": "Waiting",
            "resource_type": "enum_option"
          },
          {
            "gid": "1204456891952872",
            "color": "orange",
            "enabled": true,
            "name": "Deferred",
            "resource_type": "enum_option"
          },
          {
            "gid": "1204456891952873",
            "color": "blue-green",
            "enabled": true,
            "name": "Done",
            "resource_type": "enum_option"
          }
        ],
        "enum_value": {
          "gid": "1204456891952873",
          "color": "blue-green",
          "enabled": true,
          "name": "Done",
          "resource_type": "enum_option"
        },
        "name": "Task Progress",
        "description": "Asana-created. Track the progress of each task.",
        "created_by": null,
        "display_value": "Done",
        "resource_subtype": "enum",
        "resource_type": "custom_field",
        "is_formula_field": false,
        "is_value_read_only": false,
        "type": "enum"
      },
      {
        "gid": "1204571851534991",
        "enabled": true,
        "name": "Estimated time",
        "description": "Asana-created. Estimate time to complete a task.",
        "number_value": null,
        "precision": 0,
        "created_by": null,
        "display_value": null,
        "resource_subtype": "number",
        "resource_type": "custom_field",
        "is_formula_field": false,
        "is_value_read_only": false,
        "type": "number"
      }
    ],
    "name": "Mobile Mockup",
    "projects": [
      {
        "gid": "1206887800699961",
        "resource_type": "project"
      }
    ],
    "first_activity_at": "2024-06-13T19:12:54.629Z"
  },
  {
    "gid": "1206888809987649",
    "completed": true,
    "completed_at": "2024-05-10T18:34:50.077Z",
    "created_at": "2024-03-20T14:24:26.258Z",
    "custom_fields": [
      {
        "gid": "1204456891952863",
        "enabled": true,
        "enum_options": [
          {
            "gid": "1204456891952864",
            "color": "red",
            "enabled": true,
            "name": "High",
            "resource_type": "enum_option"
          },
          {
            "gid": "1204456891952865",
            "color": "orange",
            "enabled": true,
            "name": "Medium",
            "resource_type": "enum_option"
          },
          {
            "gid": "1204456891952866",
            "color": "yellow-orange",
            "enabled": true,
            "name": "Low",
            "resource_type": "enum_option"
          }
        ],
        "enum_value": null,
        "name": "Priority",
        "description": "Asana-created. Track the priority of each task.",
        "created_by": null,
        "display_value": null,
        "resource_subtype": "enum",
        "resource_type": "custom_field",
        "is_formula_field": false,
        "is_value_read_only": false,
        "type": "enum"
      },
      {
        "gid": "1204456891952868",
        "enabled": true,
        "enum_options": [
          {
            "gid": "1204456891952869",
            "color": "blue",
            "enabled": true,
            "name": "Not Started",
            "resource_type": "enum_option"
          },
          {
            "gid": "1204456891952870",
            "color": "cool-gray",
            "enabled": true,
            "name": "In Progress",
            "resource_type": "enum_option"
          },
          {
            "gid": "1204456891952871",
            "color": "yellow",
            "enabled": true,
            "name": "Waiting",
            "resource_type": "enum_option"
          },
          {
            "gid": "1204456891952872",
            "color": "orange",
            "enabled": true,
            "name": "Deferred",
            "resource_type": "enum_option"
          },
          {
            "gid": "1204456891952873",
            "color": "blue-green",
            "enabled": true,
            "name": "Done",
            "resource_type": "enum_option"
          }
        ],
        "enum_value": {
          "gid": "1204456891952873",
          "color": "blue-green",
          "enabled": true,
          "name": "Done",
          "resource_type": "enum_option"
        },
        "name": "Task Progress",
        "description": "Asana-created. Track the progress of each task.",
        "created_by": null,
        "display_value": "Done",
        "resource_subtype": "enum",
        "resource_type": "custom_field",
        "is_formula_field": false,
        "is_value_read_only": false,
        "type": "enum"
      },
      {
        "gid": "1204571851534991",
        "enabled": true,
        "name": "Estimated time",
        "description": "Asana-created. Estimate time to complete a task.",
        "number_value": null,
        "precision": 0,
        "created_by": null,
        "display_value": null,
        "resource_subtype": "number",
        "resource_type": "custom_field",
        "is_formula_field": false,
        "is_value_read_only": false,
        "type": "number"
      }
    ],
    "name": "Mockup Internal Review",
    "projects": [
      {
        "gid": "1206887800699961",
        "resource_type": "project"
      }
    ],
    "first_activity_at": "2024-05-10T18:34:50.146Z"
  },
  {
    "gid": "1206888809987659",
    "completed": true,
    "completed_at": "2024-05-21T22:36:40.596Z",
    "created_at": "2024-03-20T14:24:26.602Z",
    "custom_fields": [
      {
        "gid": "1204456891952863",
        "enabled": true,
        "enum_options": [
          {
            "gid": "1204456891952864",
            "color": "red",
            "enabled": true,
            "name": "High",
            "resource_type": "enum_option"
          },
          {
            "gid": "1204456891952865",
            "color": "orange",
            "enabled": true,
            "name": "Medium",
            "resource_type": "enum_option"
          },
          {
            "gid": "1204456891952866",
            "color": "yellow-orange",
            "enabled": true,
            "name": "Low",
            "resource_type": "enum_option"
          }
        ],
        "enum_value": null,
        "name": "Priority",
        "description": "Asana-created. Track the priority of each task.",
        "created_by": null,
        "display_value": null,
        "resource_subtype": "enum",
        "resource_type": "custom_field",
        "is_formula_field": false,
        "is_value_read_only": false,
        "type": "enum"
      },
      {
        "gid": "1204456891952868",
        "enabled": true,
        "enum_options": [
          {
            "gid": "1204456891952869",
            "color": "blue",
            "enabled": true,
            "name": "Not Started",
            "resource_type": "enum_option"
          },
          {
            "gid": "1204456891952870",
            "color": "cool-gray",
            "enabled": true,
            "name": "In Progress",
            "resource_type": "enum_option"
          },
          {
            "gid": "1204456891952871",
            "color": "yellow",
            "enabled": true,
            "name": "Waiting",
            "resource_type": "enum_option"
          },
          {
            "gid": "1204456891952872",
            "color": "orange",
            "enabled": true,
            "name": "Deferred",
            "resource_type": "enum_option"
          },
          {
            "gid": "1204456891952873",
            "color": "blue-green",
            "enabled": true,
            "name": "Done",
            "resource_type": "enum_option"
          }
        ],
        "enum_value": {
          "gid": "1204456891952873",
          "color": "blue-green",
          "enabled": true,
          "name": "Done",
          "resource_type": "enum_option"
        },
        "name": "Task Progress",
        "description": "Asana-created. Track the progress of each task.",
        "created_by": null,
        "display_value": "Done",
        "resource_subtype": "enum",
        "resource_type": "custom_field",
        "is_formula_field": false,
        "is_value_read_only": false,
        "type": "enum"
      },
      {
        "gid": "1204571851534991",
        "enabled": true,
        "name": "Estimated time",
        "description": "Asana-created. Estimate time to complete a task.",
        "number_value": null,
        "precision": 0,
        "created_by": null,
        "display_value": null,
        "resource_subtype": "number",
        "resource_type": "custom_field",
        "is_formula_field": false,
        "is_value_read_only": false,
        "type": "number"
      }
    ],
    "name": "Mockup Client Revisions",
    "projects": [
      {
        "gid": "1206887800699961",
        "resource_type": "project"
      }
    ],
    "first_activity_at": "2024-05-17T19:37:03.794Z"
  },
  {
    "gid": "1206888809987669",
    "completed": true,
    "completed_at": "2024-07-16T15:41:07.410Z",
    "created_at": "2024-03-20T14:24:26.843Z",
    "custom_fields": [
      {
        "gid": "1204456891952863",
        "enabled": true,
        "enum_options": [
          {
            "gid": "1204456891952864",
            "color": "red",
            "enabled": true,
            "name": "High",
            "resource_type": "enum_option"
          },
          {
            "gid": "1204456891952865",
            "color": "orange",
            "enabled": true,
            "name": "Medium",
            "resource_type": "enum_option"
          },
          {
            "gid": "1204456891952866",
            "color": "yellow-orange",
            "enabled": true,
            "name": "Low",
            "resource_type": "enum_option"
          }
        ],
        "enum_value": null,
        "name": "Priority",
        "description": "Asana-created. Track the priority of each task.",
        "created_by": null,
        "display_value": null,
        "resource_subtype": "enum",
        "resource_type": "custom_field",
        "is_formula_field": false,
        "is_value_read_only": false,
        "type": "enum"
      },
      {
        "gid": "1204456891952868",
        "enabled": true,
        "enum_options": [
          {
            "gid": "1204456891952869",
            "color": "blue",
            "enabled": true,
            "name": "Not Started",
            "resource_type": "enum_option"
          },
          {
            "gid": "1204456891952870",
            "color": "cool-gray",
            "enabled": true,
            "name": "In Progress",
            "resource_type": "enum_option"
          },
          {
            "gid": "1204456891952871",
            "color": "yellow",
            "enabled": true,
            "name": "Waiting",
            "resource_type": "enum_option"
          },
          {
            "gid": "1204456891952872",
            "color": "orange",
            "enabled": true,
            "name": "Deferred",
            "resource_type": "enum_option"
          },
          {
            "gid": "1204456891952873",
            "color": "blue-green",
            "enabled": true,
            "name": "Done",
            "resource_type": "enum_option"
          }
        ],
        "enum_value": {
          "gid": "1204456891952873",
          "color": "blue-green",
          "enabled": true,
          "name": "Done",
          "resource_type": "enum_option"
        },
        "name": "Task Progress",
        "description": "Asana-created. Track the progress of each task.",
        "created_by": null,
        "display_value": "Done",
        "resource_subtype": "enum",
        "resource_type": "custom_field",
        "is_formula_field": false,
        "is_value_read_only": false,
        "type": "enum"
      },
      {
        "gid": "1204571851534991",
        "enabled": true,
        "name": "Estimated time",
        "description": "Asana-created. Estimate time to complete a task.",
        "number_value": null,
        "precision": 0,
        "created_by": null,
        "display_value": null,
        "resource_subtype": "number",
        "resource_type": "custom_field",
        "is_formula_field": false,
        "is_value_read_only": false,
        "type": "number"
      }
    ],
    "name": "Gather Photos and Assets into Google Folder",
    "projects": [
      {
        "gid": "1206887800699961",
        "resource_type": "project"
      }
    ],
    "first_activity_at": "2024-07-15T18:01:57.863Z"
  },
  {
    "gid": "1206888810284363",
    "completed": true,
    "completed_at": "2024-08-14T15:18:37.587Z",
    "created_at": "2024-03-20T14:24:32.547Z",
    "custom_fields": [
      {
        "gid": "1204456891952863",
        "enabled": true,
        "enum_options": [
          {
            "gid": "1204456891952864",
            "color": "red",
            "enabled": true,
            "name": "High",
            "resource_type": "enum_option"
          },
          {
            "gid": "1204456891952865",
            "color": "orange",
            "enabled": true,
            "name": "Medium",
            "resource_type": "enum_option"
          },
          {
            "gid": "1204456891952866",
            "color": "yellow-orange",
            "enabled": true,
            "name": "Low",
            "resource_type": "enum_option"
          }
        ],
        "enum_value": null,
        "name": "Priority",
        "description": "Asana-created. Track the priority of each task.",
        "created_by": null,
        "display_value": null,
        "resource_subtype": "enum",
        "resource_type": "custom_field",
        "is_formula_field": false,
        "is_value_read_only": false,
        "type": "enum"
      },
      {
        "gid": "1204456891952868",
        "enabled": true,
        "enum_options": [
          {
            "gid": "1204456891952869",
            "color": "blue",
            "enabled": true,
            "name": "Not Started",
            "resource_type": "enum_option"
          },
          {
            "gid": "1204456891952870",
            "color": "cool-gray",
            "enabled": true,
            "name": "In Progress",
            "resource_type": "enum_option"
          },
          {
            "gid": "1204456891952871",
            "color": "yellow",
            "enabled": true,
            "name": "Waiting",
            "resource_type": "enum_option"
          },
          {
            "gid": "1204456891952872",
            "color": "orange",
            "enabled": true,
            "name": "Deferred",
            "resource_type": "enum_option"
          },
          {
            "gid": "1204456891952873",
            "color": "blue-green",
            "enabled": true,
            "name": "Done",
            "resource_type": "enum_option"
          }
        ],
        "enum_value": {
          "gid": "1204456891952873",
          "color": "blue-green",
          "enabled": true,
          "name": "Done",
          "resource_type": "enum_option"
        },
        "name": "Task Progress",
        "description": "Asana-created. Track the progress of each task.",
        "created_by": null,
        "display_value": "Done",
        "resource_subtype": "enum",
        "resource_type": "custom_field",
        "is_formula_field": false,
        "is_value_read_only": false,
        "type": "enum"
      },
      {
        "gid": "1204571851534991",
        "enabled": true,
        "name": "Estimated time",
        "description": "Asana-created. Estimate time to complete a task.",
        "number_value": null,
        "precision": 0,
        "created_by": null,
        "display_value": null,
        "resource_subtype": "number",
        "resource_type": "custom_field",
        "is_formula_field": false,
        "is_value_read_only": false,
        "type": "number"
      }
    ],
    "name": "Development",
    "projects": [
      {
        "gid": "1206887800699961",
        "resource_type": "project"
      }
    ],
    "first_activity_at": "2024-07-16T14:26:06.762Z"
  },
  {
    "gid": "1206888810342295",
    "completed": true,
    "completed_at": "2024-08-20T17:03:59.119Z",
    "created_at": "2024-03-20T14:24:32.797Z",
    "custom_fields": [
      {
        "gid": "1204456891952863",
        "enabled": true,
        "enum_options": [
          {
            "gid": "1204456891952864",
            "color": "red",
            "enabled": true,
            "name": "High",
            "resource_type": "enum_option"
          },
          {
            "gid": "1204456891952865",
            "color": "orange",
            "enabled": true,
            "name": "Medium",
            "resource_type": "enum_option"
          },
          {
            "gid": "1204456891952866",
            "color": "yellow-orange",
            "enabled": true,
            "name": "Low",
            "resource_type": "enum_option"
          }
        ],
        "enum_value": null,
        "name": "Priority",
        "description": "Asana-created. Track the priority of each task.",
        "created_by": null,
        "display_value": null,
        "resource_subtype": "enum",
        "resource_type": "custom_field",
        "is_formula_field": false,
        "is_value_read_only": false,
        "type": "enum"
      },
      {
        "gid": "1204456891952868",
        "enabled": true,
        "enum_options": [
          {
            "gid": "1204456891952869",
            "color": "blue",
            "enabled": true,
            "name": "Not Started",
            "resource_type": "enum_option"
          },
          {
            "gid": "1204456891952870",
            "color": "cool-gray",
            "enabled": true,
            "name": "In Progress",
            "resource_type": "enum_option"
          },
          {
            "gid": "1204456891952871",
            "color": "yellow",
            "enabled": true,
            "name": "Waiting",
            "resource_type": "enum_option"
          },
          {
            "gid": "1204456891952872",
            "color": "orange",
            "enabled": true,
            "name": "Deferred",
            "resource_type": "enum_option"
          },
          {
            "gid": "1204456891952873",
            "color": "blue-green",
            "enabled": true,
            "name": "Done",
            "resource_type": "enum_option"
          }
        ],
        "enum_value": {
          "gid": "1204456891952873",
          "color": "blue-green",
          "enabled": true,
          "name": "Done",
          "resource_type": "enum_option"
        },
        "name": "Task Progress",
        "description": "Asana-created. Track the progress of each task.",
        "created_by": null,
        "display_value": "Done",
        "resource_subtype": "enum",
        "resource_type": "custom_field",
        "is_formula_field": false,
        "is_value_read_only": false,
        "type": "enum"
      },
      {
        "gid": "1204571851534991",
        "enabled": true,
        "name": "Estimated time",
        "description": "Asana-created. Estimate time to complete a task.",
        "number_value": null,
        "precision": 0,
        "created_by": null,
        "display_value": null,
        "resource_subtype": "number",
        "resource_type": "custom_field",
        "is_formula_field": false,
        "is_value_read_only": false,
        "type": "number"
      }
    ],
    "name": "Development Internal Review",
    "projects": [
      {
        "gid": "1206887800699961",
        "resource_type": "project"
      }
    ],
    "first_activity_at": "2024-08-15T13:19:34.233Z"
  },
  {
    "gid": "1206888810342305",
    "completed": true,
    "completed_at": "2024-09-17T13:20:33.676Z",
    "created_at": "2024-03-20T14:24:33.007Z",
    "custom_fields": [
      {
        "gid": "1204456891952863",
        "enabled": true,
        "enum_options": [
          {
            "gid": "1204456891952864",
            "color": "red",
            "enabled": true,
            "name": "High",
            "resource_type": "enum_option"
          },
          {
            "gid": "1204456891952865",
            "color": "orange",
            "enabled": true,
            "name": "Medium",
            "resource_type": "enum_option"
          },
          {
            "gid": "1204456891952866",
            "color": "yellow-orange",
            "enabled": true,
            "name": "Low",
            "resource_type": "enum_option"
          }
        ],
        "enum_value": null,
        "name": "Priority",
        "description": "Asana-created. Track the priority of each task.",
        "created_by": null,
        "display_value": null,
        "resource_subtype": "enum",
        "resource_type": "custom_field",
        "is_formula_field": false,
        "is_value_read_only": false,
        "type": "enum"
      },
      {
        "gid": "1204456891952868",
        "enabled": true,
        "enum_options": [
          {
            "gid": "1204456891952869",
            "color": "blue",
            "enabled": true,
            "name": "Not Started",
            "resource_type": "enum_option"
          },
          {
            "gid": "1204456891952870",
            "color": "cool-gray",
            "enabled": true,
            "name": "In Progress",
            "resource_type": "enum_option"
          },
          {
            "gid": "1204456891952871",
            "color": "yellow",
            "enabled": true,
            "name": "Waiting",
            "resource_type": "enum_option"
          },
          {
            "gid": "1204456891952872",
            "color": "orange",
            "enabled": true,
            "name": "Deferred",
            "resource_type": "enum_option"
          },
          {
            "gid": "1204456891952873",
            "color": "blue-green",
            "enabled": true,
            "name": "Done",
            "resource_type": "enum_option"
          }
        ],
        "enum_value": {
          "gid": "1204456891952873",
          "color": "blue-green",
          "enabled": true,
          "name": "Done",
          "resource_type": "enum_option"
        },
        "name": "Task Progress",
        "description": "Asana-created. Track the progress of each task.",
        "created_by": null,
        "display_value": "Done",
        "resource_subtype": "enum",
        "resource_type": "custom_field",
        "is_formula_field": false,
        "is_value_read_only": false,
        "type": "enum"
      },
      {
        "gid": "1204571851534991",
        "enabled": true,
        "name": "Estimated time",
        "description": "Asana-created. Estimate time to complete a task.",
        "number_value": null,
        "precision": 0,
        "created_by": null,
        "display_value": null,
        "resource_subtype": "number",
        "resource_type": "custom_field",
        "is_formula_field": false,
        "is_value_read_only": false,
        "type": "number"
      }
    ],
    "name": "Development Client Revisions",
    "projects": [
      {
        "gid": "1206887800699961",
        "resource_type": "project"
      }
    ],
    "first_activity_at": "2024-09-17T13:20:33.928Z"
  },
  {
    "gid": "1208380751800601",
    "completed": true,
    "completed_at": "2024-09-24T13:50:26.052Z",
    "created_at": "2024-09-23T20:38:12.656Z",
    "custom_fields": [
      {
        "gid": "1204456891952863",
        "enabled": true,
        "enum_options": [
          {
            "gid": "1204456891952864",
            "color": "red",
            "enabled": true,
            "name": "High",
            "resource_type": "enum_option"
          },
          {
            "gid": "1204456891952865",
            "color": "orange",
            "enabled": true,
            "name": "Medium",
            "resource_type": "enum_option"
          },
          {
            "gid": "1204456891952866",
            "color": "yellow-orange",
            "enabled": true,
            "name": "Low",
            "resource_type": "enum_option"
          }
        ],
        "enum_value": null,
        "name": "Priority",
        "description": "Asana-created. Track the priority of each task.",
        "created_by": null,
        "display_value": null,
        "resource_subtype": "enum",
        "resource_type": "custom_field",
        "is_formula_field": false,
        "is_value_read_only": false,
        "type": "enum"
      },
      {
        "gid": "1204456891952868",
        "enabled": true,
        "enum_options": [
          {
            "gid": "1204456891952869",
            "color": "blue",
            "enabled": true,
            "name": "Not Started",
            "resource_type": "enum_option"
          },
          {
            "gid": "1204456891952870",
            "color": "cool-gray",
            "enabled": true,
            "name": "In Progress",
            "resource_type": "enum_option"
          },
          {
            "gid": "1204456891952871",
            "color": "yellow",
            "enabled": true,
            "name": "Waiting",
            "resource_type": "enum_option"
          },
          {
            "gid": "1204456891952872",
            "color": "orange",
            "enabled": true,
            "name": "Deferred",
            "resource_type": "enum_option"
          },
          {
            "gid": "1204456891952873",
            "color": "blue-green",
            "enabled": true,
            "name": "Done",
            "resource_type": "enum_option"
          }
        ],
        "enum_value": {
          "gid": "1204456891952873",
          "color": "blue-green",
          "enabled": true,
          "name": "Done",
          "resource_type": "enum_option"
        },
        "name": "Task Progress",
        "description": "Asana-created. Track the progress of each task.",
        "created_by": null,
        "display_value": "Done",
        "resource_subtype": "enum",
        "resource_type": "custom_field",
        "is_formula_field": false,
        "is_value_read_only": false,
        "type": "enum"
      },
      {
        "gid": "1204571851534991",
        "enabled": true,
        "name": "Estimated time",
        "description": "Asana-created. Estimate time to complete a task.",
        "number_value": null,
        "precision": 0,
        "created_by": null,
        "display_value": null,
        "resource_subtype": "number",
        "resource_type": "custom_field",
        "is_formula_field": false,
        "is_value_read_only": false,
        "type": "number"
      }
    ],
    "name": "IP Address",
    "projects": [
      {
        "gid": "1206887800699961",
        "resource_type": "project"
      }
    ],
    "first_activity_at": "2024-09-23T20:38:34.052Z"
  },
  {
    "gid": "1206888810400823",
    "completed": true,
    "completed_at": "2024-10-08T14:07:04.240Z",
    "created_at": "2024-03-20T14:24:34.034Z",
    "custom_fields": [
      {
        "gid": "1204456891952863",
        "enabled": true,
        "enum_options": [
          {
            "gid": "1204456891952864",
            "color": "red",
            "enabled": true,
            "name": "High",
            "resource_type": "enum_option"
          },
          {
            "gid": "1204456891952865",
            "color": "orange",
            "enabled": true,
            "name": "Medium",
            "resource_type": "enum_option"
          },
          {
            "gid": "1204456891952866",
            "color": "yellow-orange",
            "enabled": true,
            "name": "Low",
            "resource_type": "enum_option"
          }
        ],
        "enum_value": null,
        "name": "Priority",
        "description": "Asana-created. Track the priority of each task.",
        "created_by": null,
        "display_value": null,
        "resource_subtype": "enum",
        "resource_type": "custom_field",
        "is_formula_field": false,
        "is_value_read_only": false,
        "type": "enum"
      },
      {
        "gid": "1204456891952868",
        "enabled": true,
        "enum_options": [
          {
            "gid": "1204456891952869",
            "color": "blue",
            "enabled": true,
            "name": "Not Started",
            "resource_type": "enum_option"
          },
          {
            "gid": "1204456891952870",
            "color": "cool-gray",
            "enabled": true,
            "name": "In Progress",
            "resource_type": "enum_option"
          },
          {
            "gid": "1204456891952871",
            "color": "yellow",
            "enabled": true,
            "name": "Waiting",
            "resource_type": "enum_option"
          },
          {
            "gid": "1204456891952872",
            "color": "orange",
            "enabled": true,
            "name": "Deferred",
            "resource_type": "enum_option"
          },
          {
            "gid": "1204456891952873",
            "color": "blue-green",
            "enabled": true,
            "name": "Done",
            "resource_type": "enum_option"
          }
        ],
        "enum_value": {
          "gid": "1204456891952873",
          "color": "blue-green",
          "enabled": true,
          "name": "Done",
          "resource_type": "enum_option"
        },
        "name": "Task Progress",
        "description": "Asana-created. Track the progress of each task.",
        "created_by": null,
        "display_value": "Done",
        "resource_subtype": "enum",
        "resource_type": "custom_field",
        "is_formula_field": false,
        "is_value_read_only": false,
        "type": "enum"
      },
      {
        "gid": "1204571851534991",
        "enabled": true,
        "name": "Estimated time",
        "description": "Asana-created. Estimate time to complete a task.",
        "number_value": null,
        "precision": 0,
        "created_by": null,
        "display_value": null,
        "resource_subtype": "number",
        "resource_type": "custom_field",
        "is_formula_field": false,
        "is_value_read_only": false,
        "type": "number"
      }
    ],
    "name": "Launch",
    "projects": [
      {
        "gid": "1206887800699961",
        "resource_type": "project"
      }
    ],
    "first_activity_at": "2024-10-08T13:11:27.943Z"
  },
  {
    "gid": "1206888810400833",
    "completed": true,
    "completed_at": "2024-11-05T16:29:19.770Z",
    "created_at": "2024-03-20T14:24:34.243Z",
    "custom_fields": [
      {
        "gid": "1204456891952863",
        "enabled": true,
        "enum_options": [
          {
            "gid": "1204456891952864",
            "color": "red",
            "enabled": true,
            "name": "High",
            "resource_type": "enum_option"
          },
          {
            "gid": "1204456891952865",
            "color": "orange",
            "enabled": true,
            "name": "Medium",
            "resource_type": "enum_option"
          },
          {
            "gid": "1204456891952866",
            "color": "yellow-orange",
            "enabled": true,
            "name": "Low",
            "resource_type": "enum_option"
          }
        ],
        "enum_value": null,
        "name": "Priority",
        "description": "Asana-created. Track the priority of each task.",
        "created_by": null,
        "display_value": null,
        "resource_subtype": "enum",
        "resource_type": "custom_field",
        "is_formula_field": false,
        "is_value_read_only": false,
        "type": "enum"
      },
      {
        "gid": "1204456891952868",
        "enabled": true,
        "enum_options": [
          {
            "gid": "1204456891952869",
            "color": "blue",
            "enabled": true,
            "name": "Not Started",
            "resource_type": "enum_option"
          },
          {
            "gid": "1204456891952870",
            "color": "cool-gray",
            "enabled": true,
            "name": "In Progress",
            "resource_type": "enum_option"
          },
          {
            "gid": "1204456891952871",
            "color": "yellow",
            "enabled": true,
            "name": "Waiting",
            "resource_type": "enum_option"
          },
          {
            "gid": "1204456891952872",
            "color": "orange",
            "enabled": true,
            "name": "Deferred",
            "resource_type": "enum_option"
          },
          {
            "gid": "1204456891952873",
            "color": "blue-green",
            "enabled": true,
            "name": "Done",
            "resource_type": "enum_option"
          }
        ],
        "enum_value": {
          "gid": "1204456891952873",
          "color": "blue-green",
          "enabled": true,
          "name": "Done",
          "resource_type": "enum_option"
        },
        "name": "Task Progress",
        "description": "Asana-created. Track the progress of each task.",
        "created_by": null,
        "display_value": "Done",
        "resource_subtype": "enum",
        "resource_type": "custom_field",
        "is_formula_field": false,
        "is_value_read_only": false,
        "type": "enum"
      },
      {
        "gid": "1204571851534991",
        "enabled": true,
        "name": "Estimated time",
        "description": "Asana-created. Estimate time to complete a task.",
        "number_value": null,
        "precision": 0,
        "created_by": null,
        "display_value": null,
        "resource_subtype": "number",
        "resource_type": "custom_field",
        "is_formula_field": false,
        "is_value_read_only": false,
        "type": "number"
      }
    ],
    "name": "Training Videos",
    "projects": [
      {
        "gid": "1206887800699961",
        "resource_type": "project"
      }
    ],
    "first_activity_at": "2024-10-08T13:11:33.076Z"
  }
]