[
  {
    "gid": "1210463404991495",
    "completed": true,
    "completed_at": "2025-06-10T18:11:09.083Z",
    "created_at": "2025-06-04T20:16:22.623Z",
    "custom_fields": [
      {
        "gid": "1204456891952863",
        "enabled": true,
        "enum_options": [
          {
            "gid": "1204456891952864",
            "color": "red",
            "enabled": true,
            "name": "High",
            "resource_type": "enum_option"
          },
          {
            "gid": "1204456891952865",
            "color": "orange",
            "enabled": true,
            "name": "Medium",
            "resource_type": "enum_option"
          },
          {
            "gid": "1204456891952866",
            "color": "yellow-orange",
            "enabled": true,
            "name": "Low",
            "resource_type": "enum_option"
          }
        ],
        "enum_value": null,
        "name": "Priority",
        "description": "Asana-created. Track the priority of each task.",
        "created_by": null,
        "display_value": null,
        "resource_subtype": "enum",
        "resource_type": "custom_field",
        "is_formula_field": false,
        "is_value_read_only": false,
        "type": "enum"
      },
      {
        "gid": "1204456891952868",
        "enabled": true,
        "enum_options": [
          {
            "gid": "1204456891952869",
            "color": "blue",
            "enabled": true,
            "name": "Not Started",
            "resource_type": "enum_option"
          },
          {
            "gid": "1204456891952870",
            "color": "cool-gray",
            "enabled": true,
            "name": "In Progress",
            "resource_type": "enum_option"
          },
          {
            "gid": "1204456891952871",
            "color": "yellow",
            "enabled": true,
            "name": "Waiting",
            "resource_type": "enum_option"
          },
          {
            "gid": "1204456891952872",
            "color": "orange",
            "enabled": true,
            "name": "Deferred",
            "resource_type": "enum_option"
          },
          {
            "gid": "1204456891952873",
            "color": "blue-green",
            "enabled": true,
            "name": "Done",
            "resource_type": "enum_option"
          }
        ],
        "enum_value": {
          "gid": "1204456891952873",
          "color": "blue-green",
          "enabled": true,
          "name": "Done",
          "resource_type": "enum_option"
        },
        "name": "Task Progress",
        "description": "Asana-created. Track the progress of each task.",
        "created_by": null,
        "display_value": "Done",
        "resource_subtype": "enum",
        "resource_type": "custom_field",
        "is_formula_field": false,
        "is_value_read_only": false,
        "type": "enum"
      },
      {
        "gid": "1204571851534991",
        "enabled": true,
        "name": "Estimated time",
        "description": "Asana-created. Estimate time to complete a task.",
        "number_value": null,
        "precision": 0,
        "created_by": null,
        "display_value": null,
        "resource_subtype": "number",
        "resource_type": "custom_field",
        "is_formula_field": false,
        "is_value_read_only": false,
        "type": "number"
      }
    ],
    "name": "Design",
    "projects": [
      {
        "gid": "1206163141306641",
        "resource_type": "project"
      }
    ],
    "first_activity_at": "2025-06-04T20:16:30.238Z"
  },
  {
    "gid": "1210463404991505",
    "completed": true,
    "completed_at": "2025-06-11T13:02:00.051Z",
    "created_at": "2025-06-04T20:22:20.988Z",
    "custom_fields": [
      {
        "gid": "1204456891952863",
        "enabled": true,
        "enum_options": [
          {
            "gid": "1204456891952864",
            "color": "red",
            "enabled": true,
            "name": "High",
            "resource_type": "enum_option"
          },
          {
            "gid": "1204456891952865",
            "color": "orange",
            "enabled": true,
            "name": "Medium",
            "resource_type": "enum_option"
          },
          {
            "gid": "1204456891952866",
            "color": "yellow-orange",
            "enabled": true,
            "name": "Low",
            "resource_type": "enum_option"
          }
        ],
        "enum_value": null,
        "name": "Priority",
        "description": "Asana-created. Track the priority of each task.",
        "created_by": null,
        "display_value": null,
        "resource_subtype": "enum",
        "resource_type": "custom_field",
        "is_formula_field": false,
        "is_value_read_only": false,
        "type": "enum"
      },
      {
        "gid": "1204456891952868",
        "enabled": true,
        "enum_options": [
          {
            "gid": "1204456891952869",
            "color": "blue",
            "enabled": true,
            "name": "Not Started",
            "resource_type": "enum_option"
          },
          {
            "gid": "1204456891952870",
            "color": "cool-gray",
            "enabled": true,
            "name": "In Progress",
            "resource_type": "enum_option"
          },
          {
            "gid": "1204456891952871",
            "color": "yellow",
            "enabled": true,
            "name": "Waiting",
            "resource_type": "enum_option"
          },
          {
            "gid": "1204456891952872",
            "color": "orange",
            "enabled": true,
            "name": "Deferred",
            "resource_type": "enum_option"
          },
          {
            "gid": "1204456891952873",
            "color": "blue-green",
            "enabled": true,
            "name": "Done",
            "resource_type": "enum_option"
          }
        ],
        "enum_value": {
          "gid": "1204456891952873",
          "color": "blue-green",
          "enabled": true,
          "name": "Done",
          "resource_type": "enum_option"
        },
        "name": "Task Progress",
        "description": "Asana-created. Track the progress of each task.",
        "created_by": null,
        "display_value": "Done",
        "resource_subtype": "enum",
        "resource_type": "custom_field",
        "is_formula_field": false,
        "is_value_read_only": false,
        "type": "enum"
      },
      {
        "gid": "1204571851534991",
        "enabled": true,
        "name": "Estimated time",
        "description": "Asana-created. Estimate time to complete a task.",
        "number_value": null,
        "precision": 0,
        "created_by": null,
        "display_value": null,
        "resource_subtype": "number",
        "resource_type": "custom_field",
        "is_formula_field": false,
        "is_value_read_only": false,
        "type": "number"
      }
    ],
    "name": "Client Review",
    "projects": [
      {
        "gid": "1206163141306641",
        "resource_type": "project"
      }
    ],
    "first_activity_at": "2025-06-11T13:02:00.131Z"
  },
  {
    "gid": "1210463404991501",
    "completed": true,
    "completed_at": "2025-06-18T19:05:49.833Z",
    "created_at": "2025-06-04T20:22:05.101Z",
    "custom_fields": [
      {
        "gid": "1204456891952863",
        "enabled": true,
        "enum_options": [
          {
            "gid": "1204456891952864",
            "color": "red",
            "enabled": true,
            "name": "High",
            "resource_type": "enum_option"
          },
          {
            "gid": "1204456891952865",
            "color": "orange",
            "enabled": true,
            "name": "Medium",
            "resource_type": "enum_option"
          },
          {
            "gid": "1204456891952866",
            "color": "yellow-orange",
            "enabled": true,
            "name": "Low",
            "resource_type": "enum_option"
          }
        ],
        "enum_value": null,
        "name": "Priority",
        "description": "Asana-created. Track the priority of each task.",
        "created_by": null,
        "display_value": null,
        "resource_subtype": "enum",
        "resource_type": "custom_field",
        "is_formula_field": false,
        "is_value_read_only": false,
        "type": "enum"
      },
      {
        "gid": "1204456891952868",
        "enabled": true,
        "enum_options": [
          {
            "gid": "1204456891952869",
            "color": "blue",
            "enabled": true,
            "name": "Not Started",
            "resource_type": "enum_option"
          },
          {
            "gid": "1204456891952870",
            "color": "cool-gray",
            "enabled": true,
            "name": "In Progress",
            "resource_type": "enum_option"
          },
          {
            "gid": "1204456891952871",
            "color": "yellow",
            "enabled": true,
            "name": "Waiting",
            "resource_type": "enum_option"
          },
          {
            "gid": "1204456891952872",
            "color": "orange",
            "enabled": true,
            "name": "Deferred",
            "resource_type": "enum_option"
          },
          {
            "gid": "1204456891952873",
            "color": "blue-green",
            "enabled": true,
            "name": "Done",
            "resource_type": "enum_option"
          }
        ],
        "enum_value": {
          "gid": "1204456891952873",
          "color": "blue-green",
          "enabled": true,
          "name": "Done",
          "resource_type": "enum_option"
        },
        "name": "Task Progress",
        "description": "Asana-created. Track the progress of each task.",
        "created_by": null,
        "display_value": "Done",
        "resource_subtype": "enum",
        "resource_type": "custom_field",
        "is_formula_field": false,
        "is_value_read_only": false,
        "type": "enum"
      },
      {
        "gid": "1204571851534991",
        "enabled": true,
        "name": "Estimated time",
        "description": "Asana-created. Estimate time to complete a task.",
        "number_value": null,
        "precision": 0,
        "created_by": null,
        "display_value": null,
        "resource_subtype": "number",
        "resource_type": "custom_field",
        "is_formula_field": false,
        "is_value_read_only": false,
        "type": "number"
      }
    ],
    "name": "Development",
    "projects": [
      {
        "gid": "1206163141306641",
        "resource_type": "project"
      }
    ],
    "first_activity_at": "2025-06-04T20:22:49.363Z"
  },
  {
    "gid": "1210463404991503",
    "completed": true,
    "completed_at": "2025-06-27T14:01:51.856Z",
    "created_at": "2025-06-04T20:22:17.009Z",
    "custom_fields": [
      {
        "gid": "1204456891952863",
        "enabled": true,
        "enum_options": [
          {
            "gid": "1204456891952864",
            "color": "red",
            "enabled": true,
            "name": "High",
            "resource_type": "enum_option"
          },
          {
            "gid": "1204456891952865",
            "color": "orange",
            "enabled": true,
            "name": "Medium",
            "resource_type": "enum_option"
          },
          {
            "gid": "1204456891952866",
            "color": "yellow-orange",
            "enabled": true,
            "name": "Low",
            "resource_type": "enum_option"
          }
        ],
        "enum_value": null,
        "name": "Priority",
        "description": "Asana-created. Track the priority of each task.",
        "created_by": null,
        "display_value": null,
        "resource_subtype": "enum",
        "resource_type": "custom_field",
        "is_formula_field": false,
        "is_value_read_only": false,
        "type": "enum"
      },
      {
        "gid": "1204456891952868",
        "enabled": true,
        "enum_options": [
          {
            "gid": "1204456891952869",
            "color": "blue",
            "enabled": true,
            "name": "Not Started",
            "resource_type": "enum_option"
          },
          {
            "gid": "1204456891952870",
            "color": "cool-gray",
            "enabled": true,
            "name": "In Progress",
            "resource_type": "enum_option"
          },
          {
            "gid": "1204456891952871",
            "color": "yellow",
            "enabled": true,
            "name": "Waiting",
            "resource_type": "enum_option"
          },
          {
            "gid": "1204456891952872",
            "color": "orange",
            "enabled": true,
            "name": "Deferred",
            "resource_type": "enum_option"
          },
          {
            "gid": "1204456891952873",
            "color": "blue-green",
            "enabled": true,
            "name": "Done",
            "resource_type": "enum_option"
          }
        ],
        "enum_value": {
          "gid": "1204456891952873",
          "color": "blue-green",
          "enabled": true,
          "name": "Done",
          "resource_type": "enum_option"
        },
        "name": "Task Progress",
        "description": "Asana-created. Track the progress of each task.",
        "created_by": null,
        "display_value": "Done",
        "resource_subtype": "enum",
        "resource_type": "custom_field",
        "is_formula_field": false,
        "is_value_read_only": false,
        "type": "enum"
      },
      {
        "gid": "1204571851534991",
        "enabled": true,
        "name": "Estimated time",
        "description": "Asana-created. Estimate time to complete a task.",
        "number_value": null,
        "precision": 0,
        "created_by": null,
        "display_value": null,
        "resource_subtype": "number",
        "resource_type": "custom_field",
        "is_formula_field": false,
        "is_value_read_only": false,
        "type": "number"
      }
    ],
    "name": "Internal Review",
    "projects": [
      {
        "gid": "1206163141306641",
        "resource_type": "project"
      }
    ],
    "first_activity_at": "2025-06-04T20:22:36.221Z"
  },
  {
    "gid": "1206163208188065",
    "completed": true,
    "completed_at": "2023-12-13T17:14:25.916Z",
    "created_at": "2023-12-13T17:13:54.653Z",
    "custom_fields": [
      {
        "gid": "1204456891952863",
        "enabled": true,
        "enum_options": [
          {
            "gid": "1204456891952864",
            "color": "red",
            "enabled": true,
            "name": "High",
            "resource_type": "enum_option"
          },
          {
            "gid": "1204456891952865",
            "color": "orange",
            "enabled": true,
            "name": "Medium",
            "resource_type": "enum_option"
          },
          {
            "gid": "1204456891952866",
            "color": "yellow-orange",
            "enabled": true,
            "name": "Low",
            "resource_type": "enum_option"
          }
        ],
        "enum_value": null,
        "name": "Priority",
        "description": "Asana-created. Track the priority of each task.",
        "created_by": null,
        "display_value": null,
        "resource_subtype": "enum",
        "resource_type": "custom_field",
        "is_formula_field": false,
        "is_value_read_only": false,
        "type": "enum"
      },
      {
        "gid": "1204456891952868",
        "enabled": true,
        "enum_options": [
          {
            "gid": "1204456891952869",
            "color": "blue",
            "enabled": true,
            "name": "Not Started",
            "resource_type": "enum_option"
          },
          {
            "gid": "1204456891952870",
            "color": "cool-gray",
            "enabled": true,
            "name": "In Progress",
            "resource_type": "enum_option"
          },
          {
            "gid": "1204456891952871",
            "color": "yellow",
            "enabled": true,
            "name": "Waiting",
            "resource_type": "enum_option"
          },
          {
            "gid": "1204456891952872",
            "color": "orange",
            "enabled": true,
            "name": "Deferred",
            "resource_type": "enum_option"
          },
          {
            "gid": "1204456891952873",
            "color": "blue-green",
            "enabled": true,
            "name": "Done",
            "resource_type": "enum_option"
          }
        ],
        "enum_value": {
          "gid": "1204456891952873",
          "color": "blue-green",
          "enabled": true,
          "name": "Done",
          "resource_type": "enum_option"
        },
        "name": "Task Progress",
        "description": "Asana-created. Track the progress of each task.",
        "created_by": null,
        "display_value": "Done",
        "resource_subtype": "enum",
        "resource_type": "custom_field",
        "is_formula_field": false,
        "is_value_read_only": false,
        "type": "enum"
      },
      {
        "gid": "1204571851534991",
        "enabled": true,
        "name": "Estimated time",
        "description": "Asana-created. Estimate time to complete a task.",
        "number_value": null,
        "precision": 0,
        "created_by": null,
        "display_value": null,
        "resource_subtype": "number",
        "resource_type": "custom_field",
        "is_formula_field": false,
        "is_value_read_only": false,
        "type": "number"
      }
    ],
    "name": "Onboarding Meeting",
    "projects": [
      {
        "gid": "1206163141306641",
        "resource_type": "project"
      }
    ],
    "first_activity_at": "2023-12-13T17:13:55.565Z"
  },
  {
    "gid": "1206163208188071",
    "completed": true,
    "completed_at": "2024-04-02T17:55:07.478Z",
    "created_at": "2023-12-13T17:13:54.868Z",
    "custom_fields": [
      {
        "gid": "1204456891952863",
        "enabled": true,
        "enum_options": [
          {
            "gid": "1204456891952864",
            "color": "red",
            "enabled": true,
            "name": "High",
            "resource_type": "enum_option"
          },
          {
            "gid": "1204456891952865",
            "color": "orange",
            "enabled": true,
            "name": "Medium",
            "resource_type": "enum_option"
          },
          {
            "gid": "1204456891952866",
            "color": "yellow-orange",
            "enabled": true,
            "name": "Low",
            "resource_type": "enum_option"
          }
        ],
        "enum_value": null,
        "name": "Priority",
        "description": "Asana-created. Track the priority of each task.",
        "created_by": null,
        "display_value": null,
        "resource_subtype": "enum",
        "resource_type": "custom_field",
        "is_formula_field": false,
        "is_value_read_only": false,
        "type": "enum"
      },
      {
        "gid": "1204456891952868",
        "enabled": true,
        "enum_options": [
          {
            "gid": "1204456891952869",
            "color": "blue",
            "enabled": true,
            "name": "Not Started",
            "resource_type": "enum_option"
          },
          {
            "gid": "1204456891952870",
            "color": "cool-gray",
            "enabled": true,
            "name": "In Progress",
            "resource_type": "enum_option"
          },
          {
            "gid": "1204456891952871",
            "color": "yellow",
            "enabled": true,
            "name": "Waiting",
            "resource_type": "enum_option"
          },
          {
            "gid": "1204456891952872",
            "color": "orange",
            "enabled": true,
            "name": "Deferred",
            "resource_type": "enum_option"
          },
          {
            "gid": "1204456891952873",
            "color": "blue-green",
            "enabled": true,
            "name": "Done",
            "resource_type": "enum_option"
          }
        ],
        "enum_value": {
          "gid": "1204456891952873",
          "color": "blue-green",
          "enabled": true,
          "name": "Done",
          "resource_type": "enum_option"
        },
        "name": "Task Progress",
        "description": "Asana-created. Track the progress of each task.",
        "created_by": null,
        "display_value": "Done",
        "resource_subtype": "enum",
        "resource_type": "custom_field",
        "is_formula_field": false,
        "is_value_read_only": false,
        "type": "enum"
      },
      {
        "gid": "1204571851534991",
        "enabled": true,
        "name": "Estimated time",
        "description": "Asana-created. Estimate time to complete a task.",
        "number_value": null,
        "precision": 0,
        "created_by": null,
        "display_value": null,
        "resource_subtype": "number",
        "resource_type": "custom_field",
        "is_formula_field": false,
        "is_value_read_only": false,
        "type": "number"
      }
    ],
    "name": "Assets",
    "projects": [
      {
        "gid": "1206163141306641",
        "resource_type": "project"
      }
    ],
    "first_activity_at": "2024-04-02T17:55:07.579Z"
  },
  {
    "gid": "1206163208188077",
    "completed": true,
    "completed_at": "2024-01-22T15:48:23.296Z",
    "created_at": "2023-12-13T17:13:55.031Z",
    "custom_fields": [
      {
        "gid": "1204456891952863",
        "enabled": true,
        "enum_options": [
          {
            "gid": "1204456891952864",
            "color": "red",
            "enabled": true,
            "name": "High",
            "resource_type": "enum_option"
          },
          {
            "gid": "1204456891952865",
            "color": "orange",
            "enabled": true,
            "name": "Medium",
            "resource_type": "enum_option"
          },
          {
            "gid": "1204456891952866",
            "color": "yellow-orange",
            "enabled": true,
            "name": "Low",
            "resource_type": "enum_option"
          }
        ],
        "enum_value": null,
        "name": "Priority",
        "description": "Asana-created. Track the priority of each task.",
        "created_by": null,
        "display_value": null,
        "resource_subtype": "enum",
        "resource_type": "custom_field",
        "is_formula_field": false,
        "is_value_read_only": false,
        "type": "enum"
      },
      {
        "gid": "1204456891952868",
        "enabled": true,
        "enum_options": [
          {
            "gid": "1204456891952869",
            "color": "blue",
            "enabled": true,
            "name": "Not Started",
            "resource_type": "enum_option"
          },
          {
            "gid": "1204456891952870",
            "color": "cool-gray",
            "enabled": true,
            "name": "In Progress",
            "resource_type": "enum_option"
          },
          {
            "gid": "1204456891952871",
            "color": "yellow",
            "enabled": true,
            "name": "Waiting",
            "resource_type": "enum_option"
          },
          {
            "gid": "1204456891952872",
            "color": "orange",
            "enabled": true,
            "name": "Deferred",
            "resource_type": "enum_option"
          },
          {
            "gid": "1204456891952873",
            "color": "blue-green",
            "enabled": true,
            "name": "Done",
            "resource_type": "enum_option"
          }
        ],
        "enum_value": {
          "gid": "1204456891952873",
          "color": "blue-green",
          "enabled": true,
          "name": "Done",
          "resource_type": "enum_option"
        },
        "name": "Task Progress",
        "description": "Asana-created. Track the progress of each task.",
        "created_by": null,
        "display_value": "Done",
        "resource_subtype": "enum",
        "resource_type": "custom_field",
        "is_formula_field": false,
        "is_value_read_only": false,
        "type": "enum"
      },
      {
        "gid": "1204571851534991",
        "enabled": true,
        "name": "Estimated time",
        "description": "Asana-created. Estimate time to complete a task.",
        "number_value": null,
        "precision": 0,
        "created_by": null,
        "display_value": null,
        "resource_subtype": "number",
        "resource_type": "custom_field",
        "is_formula_field": false,
        "is_value_read_only": false,
        "type": "number"
      }
    ],
    "name": "Creative Brief",
    "projects": [
      {
        "gid": "1206163141306641",
        "resource_type": "project"
      }
    ],
    "first_activity_at": "2023-12-13T17:13:55.557Z"
  },
  {
    "gid": "1206163208188083",
    "completed": true,
    "completed_at": "2024-02-08T21:08:08.060Z",
    "created_at": "2023-12-13T17:13:55.235Z",
    "custom_fields": [
      {
        "gid": "1204456891952863",
        "enabled": true,
        "enum_options": [
          {
            "gid": "1204456891952864",
            "color": "red",
            "enabled": true,
            "name": "High",
            "resource_type": "enum_option"
          },
          {
            "gid": "1204456891952865",
            "color": "orange",
            "enabled": true,
            "name": "Medium",
            "resource_type": "enum_option"
          },
          {
            "gid": "1204456891952866",
            "color": "yellow-orange",
            "enabled": true,
            "name": "Low",
            "resource_type": "enum_option"
          }
        ],
        "enum_value": null,
        "name": "Priority",
        "description": "Asana-created. Track the priority of each task.",
        "created_by": null,
        "display_value": null,
        "resource_subtype": "enum",
        "resource_type": "custom_field",
        "is_formula_field": false,
        "is_value_read_only": false,
        "type": "enum"
      },
      {
        "gid": "1204456891952868",
        "enabled": true,
        "enum_options": [
          {
            "gid": "1204456891952869",
            "color": "blue",
            "enabled": true,
            "name": "Not Started",
            "resource_type": "enum_option"
          },
          {
            "gid": "1204456891952870",
            "color": "cool-gray",
            "enabled": true,
            "name": "In Progress",
            "resource_type": "enum_option"
          },
          {
            "gid": "1204456891952871",
            "color": "yellow",
            "enabled": true,
            "name": "Waiting",
            "resource_type": "enum_option"
          },
          {
            "gid": "1204456891952872",
            "color": "orange",
            "enabled": true,
            "name": "Deferred",
            "resource_type": "enum_option"
          },
          {
            "gid": "1204456891952873",
            "color": "blue-green",
            "enabled": true,
            "name": "Done",
            "resource_type": "enum_option"
          }
        ],
        "enum_value": {
          "gid": "1204456891952873",
          "color": "blue-green",
          "enabled": true,
          "name": "Done",
          "resource_type": "enum_option"
        },
        "name": "Task Progress",
        "description": "Asana-created. Track the progress of each task.",
        "created_by": null,
        "display_value": "Done",
        "resource_subtype": "enum",
        "resource_type": "custom_field",
        "is_formula_field": false,
        "is_value_read_only": false,
        "type": "enum"
      },
      {
        "gid": "1204571851534991",
        "enabled": true,
        "name": "Estimated time",
        "description": "Asana-created. Estimate time to complete a task.",
        "number_value": null,
        "precision": 0,
        "created_by": null,
        "display_value": null,
        "resource_subtype": "number",
        "resource_type": "custom_field",
        "is_formula_field": false,
        "is_value_read_only": false,
        "type": "number"
      }
    ],
    "name": "Written Content",
    "projects": [
      {
        "gid": "1206163141306641",
        "resource_type": "project"
      }
    ],
    "first_activity_at": "2023-12-13T17:13:55.601Z"
  },
  {
    "gid": "1206163208244273",
    "completed": true,
    "completed_at": "2024-02-09T21:35:33.496Z",
    "created_at": "2023-12-13T17:13:56.465Z",
    "custom_fields": [
      {
        "gid": "1204456891952863",
        "enabled": true,
        "enum_options": [
          {
            "gid": "1204456891952864",
            "color": "red",
            "enabled": true,
            "name": "High",
            "resource_type": "enum_option"
          },
          {
            "gid": "1204456891952865",
            "color": "orange",
            "enabled": true,
            "name": "Medium",
            "resource_type": "enum_option"
          },
          {
            "gid": "1204456891952866",
            "color": "yellow-orange",
            "enabled": true,
            "name": "Low",
            "resource_type": "enum_option"
          }
        ],
        "enum_value": null,
        "name": "Priority",
        "description": "Asana-created. Track the priority of each task.",
        "created_by": null,
        "display_value": null,
        "resource_subtype": "enum",
        "resource_type": "custom_field",
        "is_formula_field": false,
        "is_value_read_only": false,
        "type": "enum"
      },
      {
        "gid": "1204456891952868",
        "enabled": true,
        "enum_options": [
          {
            "gid": "1204456891952869",
            "color": "blue",
            "enabled": true,
            "name": "Not Started",
            "resource_type": "enum_option"
          },
          {
            "gid": "1204456891952870",
            "color": "cool-gray",
            "enabled": true,
            "name": "In Progress",
            "resource_type": "enum_option"
          },
          {
            "gid": "1204456891952871",
            "color": "yellow",
            "enabled": true,
            "name": "Waiting",
            "resource_type": "enum_option"
          },
          {
            "gid": "1204456891952872",
            "color": "orange",
            "enabled": true,
            "name": "Deferred",
            "resource_type": "enum_option"
          },
          {
            "gid": "1204456891952873",
            "color": "blue-green",
            "enabled": true,
            "name": "Done",
            "resource_type": "enum_option"
          }
        ],
        "enum_value": {
          "gid": "1204456891952873",
          "color": "blue-green",
          "enabled": true,
          "name": "Done",
          "resource_type": "enum_option"
        },
        "name": "Task Progress",
        "description": "Asana-created. Track the progress of each task.",
        "created_by": null,
        "display_value": "Done",
        "resource_subtype": "enum",
        "resource_type": "custom_field",
        "is_formula_field": false,
        "is_value_read_only": false,
        "type": "enum"
      },
      {
        "gid": "1204571851534991",
        "enabled": true,
        "name": "Estimated time",
        "description": "Asana-created. Estimate time to complete a task.",
        "number_value": null,
        "precision": 0,
        "created_by": null,
        "display_value": null,
        "resource_subtype": "number",
        "resource_type": "custom_field",
        "is_formula_field": false,
        "is_value_read_only": false,
        "type": "number"
      }
    ],
    "name": "Design Mockup",
    "projects": [
      {
        "gid": "1206163141306641",
        "resource_type": "project"
      }
    ],
    "first_activity_at": "2023-12-13T17:13:57.294Z"
  },
  {
    "gid": "1206163208244279",
    "completed": true,
    "completed_at": "2024-02-12T18:16:47.201Z",
    "created_at": "2023-12-13T17:13:56.632Z",
    "custom_fields": [
      {
        "gid": "1204456891952863",
        "enabled": true,
        "enum_options": [
          {
            "gid": "1204456891952864",
            "color": "red",
            "enabled": true,
            "name": "High",
            "resource_type": "enum_option"
          },
          {
            "gid": "1204456891952865",
            "color": "orange",
            "enabled": true,
            "name": "Medium",
            "resource_type": "enum_option"
          },
          {
            "gid": "1204456891952866",
            "color": "yellow-orange",
            "enabled": true,
            "name": "Low",
            "resource_type": "enum_option"
          }
        ],
        "enum_value": null,
        "name": "Priority",
        "description": "Asana-created. Track the priority of each task.",
        "created_by": null,
        "display_value": null,
        "resource_subtype": "enum",
        "resource_type": "custom_field",
        "is_formula_field": false,
        "is_value_read_only": false,
        "type": "enum"
      },
      {
        "gid": "1204456891952868",
        "enabled": true,
        "enum_options": [
          {
            "gid": "1204456891952869",
            "color": "blue",
            "enabled": true,
            "name": "Not Started",
            "resource_type": "enum_option"
          },
          {
            "gid": "1204456891952870",
            "color": "cool-gray",
            "enabled": true,
            "name": "In Progress",
            "resource_type": "enum_option"
          },
          {
            "gid": "1204456891952871",
            "color": "yellow",
            "enabled": true,
            "name": "Waiting",
            "resource_type": "enum_option"
          },
          {
            "gid": "1204456891952872",
            "color": "orange",
            "enabled": true,
            "name": "Deferred",
            "resource_type": "enum_option"
          },
          {
            "gid": "1204456891952873",
            "color": "blue-green",
            "enabled": true,
            "name": "Done",
            "resource_type": "enum_option"
          }
        ],
        "enum_value": {
          "gid": "1204456891952873",
          "color": "blue-green",
          "enabled": true,
          "name": "Done",
          "resource_type": "enum_option"
        },
        "name": "Task Progress",
        "description": "Asana-created. Track the progress of each task.",
        "created_by": null,
        "display_value": "Done",
        "resource_subtype": "enum",
        "resource_type": "custom_field",
        "is_formula_field": false,
        "is_value_read_only": false,
        "type": "enum"
      },
      {
        "gid": "1204571851534991",
        "enabled": true,
        "name": "Estimated time",
        "description": "Asana-created. Estimate time to complete a task.",
        "number_value": null,
        "precision": 0,
        "created_by": null,
        "display_value": null,
        "resource_subtype": "number",
        "resource_type": "custom_field",
        "is_formula_field": false,
        "is_value_read_only": false,
        "type": "number"
      }
    ],
    "name": "Mockup Internal Review",
    "projects": [
      {
        "gid": "1206163141306641",
        "resource_type": "project"
      }
    ],
    "first_activity_at": "2023-12-13T17:13:57.288Z"
  },
  {
    "gid": "1206163208303387",
    "completed": true,
    "completed_at": "2024-04-10T15:15:17.880Z",
    "created_at": "2023-12-13T17:13:56.777Z",
    "custom_fields": [
      {
        "gid": "1204456891952863",
        "enabled": true,
        "enum_options": [
          {
            "gid": "1204456891952864",
            "color": "red",
            "enabled": true,
            "name": "High",
            "resource_type": "enum_option"
          },
          {
            "gid": "1204456891952865",
            "color": "orange",
            "enabled": true,
            "name": "Medium",
            "resource_type": "enum_option"
          },
          {
            "gid": "1204456891952866",
            "color": "yellow-orange",
            "enabled": true,
            "name": "Low",
            "resource_type": "enum_option"
          }
        ],
        "enum_value": null,
        "name": "Priority",
        "description": "Asana-created. Track the priority of each task.",
        "created_by": null,
        "display_value": null,
        "resource_subtype": "enum",
        "resource_type": "custom_field",
        "is_formula_field": false,
        "is_value_read_only": false,
        "type": "enum"
      },
      {
        "gid": "1204456891952868",
        "enabled": true,
        "enum_options": [
          {
            "gid": "1204456891952869",
            "color": "blue",
            "enabled": true,
            "name": "Not Started",
            "resource_type": "enum_option"
          },
          {
            "gid": "1204456891952870",
            "color": "cool-gray",
            "enabled": true,
            "name": "In Progress",
            "resource_type": "enum_option"
          },
          {
            "gid": "1204456891952871",
            "color": "yellow",
            "enabled": true,
            "name": "Waiting",
            "resource_type": "enum_option"
          },
          {
            "gid": "1204456891952872",
            "color": "orange",
            "enabled": true,
            "name": "Deferred",
            "resource_type": "enum_option"
          },
          {
            "gid": "1204456891952873",
            "color": "blue-green",
            "enabled": true,
            "name": "Done",
            "resource_type": "enum_option"
          }
        ],
        "enum_value": {
          "gid": "1204456891952873",
          "color": "blue-green",
          "enabled": true,
          "name": "Done",
          "resource_type": "enum_option"
        },
        "name": "Task Progress",
        "description": "Asana-created. Track the progress of each task.",
        "created_by": null,
        "display_value": "Done",
        "resource_subtype": "enum",
        "resource_type": "custom_field",
        "is_formula_field": false,
        "is_value_read_only": false,
        "type": "enum"
      },
      {
        "gid": "1204571851534991",
        "enabled": true,
        "name": "Estimated time",
        "description": "Asana-created. Estimate time to complete a task.",
        "number_value": null,
        "precision": 0,
        "created_by": null,
        "display_value": null,
        "resource_subtype": "number",
        "resource_type": "custom_field",
        "is_formula_field": false,
        "is_value_read_only": false,
        "type": "number"
      }
    ],
    "name": "Mockup Client Review",
    "projects": [
      {
        "gid": "1206163141306641",
        "resource_type": "project"
      }
    ],
    "first_activity_at": "2024-03-07T16:03:01.448Z"
  },
  {
    "gid": "1206163208303393",
    "completed": true,
    "completed_at": "2024-04-11T18:34:20.945Z",
    "created_at": "2023-12-13T17:13:56.927Z",
    "custom_fields": [
      {
        "gid": "1204456891952863",
        "enabled": true,
        "enum_options": [
          {
            "gid": "1204456891952864",
            "color": "red",
            "enabled": true,
            "name": "High",
            "resource_type": "enum_option"
          },
          {
            "gid": "1204456891952865",
            "color": "orange",
            "enabled": true,
            "name": "Medium",
            "resource_type": "enum_option"
          },
          {
            "gid": "1204456891952866",
            "color": "yellow-orange",
            "enabled": true,
            "name": "Low",
            "resource_type": "enum_option"
          }
        ],
        "enum_value": null,
        "name": "Priority",
        "description": "Asana-created. Track the priority of each task.",
        "created_by": null,
        "display_value": null,
        "resource_subtype": "enum",
        "resource_type": "custom_field",
        "is_formula_field": false,
        "is_value_read_only": false,
        "type": "enum"
      },
      {
        "gid": "1204456891952868",
        "enabled": true,
        "enum_options": [
          {
            "gid": "1204456891952869",
            "color": "blue",
            "enabled": true,
            "name": "Not Started",
            "resource_type": "enum_option"
          },
          {
            "gid": "1204456891952870",
            "color": "cool-gray",
            "enabled": true,
            "name": "In Progress",
            "resource_type": "enum_option"
          },
          {
            "gid": "1204456891952871",
            "color": "yellow",
            "enabled": true,
            "name": "Waiting",
            "resource_type": "enum_option"
          },
          {
            "gid": "1204456891952872",
            "color": "orange",
            "enabled": true,
            "name": "Deferred",
            "resource_type": "enum_option"
          },
          {
            "gid": "1204456891952873",
            "color": "blue-green",
            "enabled": true,
            "name": "Done",
            "resource_type": "enum_option"
          }
        ],
        "enum_value": {
          "gid": "1204456891952873",
          "color": "blue-green",
          "enabled": true,
          "name": "Done",
          "resource_type": "enum_option"
        },
        "name": "Task Progress",
        "description": "Asana-created. Track the progress of each task.",
        "created_by": null,
        "display_value": "Done",
        "resource_subtype": "enum",
        "resource_type": "custom_field",
        "is_formula_field": false,
        "is_value_read_only": false,
        "type": "enum"
      },
      {
        "gid": "1204571851534991",
        "enabled": true,
        "name": "Estimated time",
        "description": "Asana-created. Estimate time to complete a task.",
        "number_value": null,
        "precision": 0,
        "created_by": null,
        "display_value": null,
        "resource_subtype": "number",
        "resource_type": "custom_field",
        "is_formula_field": false,
        "is_value_read_only": false,
        "type": "number"
      }
    ],
    "name": "Mobile Mockup",
    "projects": [
      {
        "gid": "1206163141306641",
        "resource_type": "project"
      }
    ],
    "first_activity_at": "2024-04-10T15:15:21.786Z"
  },
  {
    "gid": "1206163208303399",
    "completed": true,
    "completed_at": "2024-04-10T16:18:28.603Z",
    "created_at": "2023-12-13T17:13:57.099Z",
    "custom_fields": [
      {
        "gid": "1204456891952863",
        "enabled": true,
        "enum_options": [
          {
            "gid": "1204456891952864",
            "color": "red",
            "enabled": true,
            "name": "High",
            "resource_type": "enum_option"
          },
          {
            "gid": "1204456891952865",
            "color": "orange",
            "enabled": true,
            "name": "Medium",
            "resource_type": "enum_option"
          },
          {
            "gid": "1204456891952866",
            "color": "yellow-orange",
            "enabled": true,
            "name": "Low",
            "resource_type": "enum_option"
          }
        ],
        "enum_value": null,
        "name": "Priority",
        "description": "Asana-created. Track the priority of each task.",
        "created_by": null,
        "display_value": null,
        "resource_subtype": "enum",
        "resource_type": "custom_field",
        "is_formula_field": false,
        "is_value_read_only": false,
        "type": "enum"
      },
      {
        "gid": "1204456891952868",
        "enabled": true,
        "enum_options": [
          {
            "gid": "1204456891952869",
            "color": "blue",
            "enabled": true,
            "name": "Not Started",
            "resource_type": "enum_option"
          },
          {
            "gid": "1204456891952870",
            "color": "cool-gray",
            "enabled": true,
            "name": "In Progress",
            "resource_type": "enum_option"
          },
          {
            "gid": "1204456891952871",
            "color": "yellow",
            "enabled": true,
            "name": "Waiting",
            "resource_type": "enum_option"
          },
          {
            "gid": "1204456891952872",
            "color": "orange",
            "enabled": true,
            "name": "Deferred",
            "resource_type": "enum_option"
          },
          {
            "gid": "1204456891952873",
            "color": "blue-green",
            "enabled": true,
            "name": "Done",
            "resource_type": "enum_option"
          }
        ],
        "enum_value": {
          "gid": "1204456891952873",
          "color": "blue-green",
          "enabled": true,
          "name": "Done",
          "resource_type": "enum_option"
        },
        "name": "Task Progress",
        "description": "Asana-created. Track the progress of each task.",
        "created_by": null,
        "display_value": "Done",
        "resource_subtype": "enum",
        "resource_type": "custom_field",
        "is_formula_field": false,
        "is_value_read_only": false,
        "type": "enum"
      },
      {
        "gid": "1204571851534991",
        "enabled": true,
        "name": "Estimated time",
        "description": "Asana-created. Estimate time to complete a task.",
        "number_value": null,
        "precision": 0,
        "created_by": null,
        "display_value": null,
        "resource_subtype": "number",
        "resource_type": "custom_field",
        "is_formula_field": false,
        "is_value_read_only": false,
        "type": "number"
      }
    ],
    "name": "Gather Photos and Assets into Google Folder",
    "projects": [
      {
        "gid": "1206163141306641",
        "resource_type": "project"
      }
    ],
    "first_activity_at": "2024-04-10T15:15:28.147Z"
  },
  {
    "gid": "1206163137407363",
    "completed": true,
    "completed_at": "2024-04-17T16:16:52.545Z",
    "created_at": "2023-12-13T17:14:01.580Z",
    "custom_fields": [
      {
        "gid": "1204456891952863",
        "enabled": true,
        "enum_options": [
          {
            "gid": "1204456891952864",
            "color": "red",
            "enabled": true,
            "name": "High",
            "resource_type": "enum_option"
          },
          {
            "gid": "1204456891952865",
            "color": "orange",
            "enabled": true,
            "name": "Medium",
            "resource_type": "enum_option"
          },
          {
            "gid": "1204456891952866",
            "color": "yellow-orange",
            "enabled": true,
            "name": "Low",
            "resource_type": "enum_option"
          }
        ],
        "enum_value": null,
        "name": "Priority",
        "description": "Asana-created. Track the priority of each task.",
        "created_by": null,
        "display_value": null,
        "resource_subtype": "enum",
        "resource_type": "custom_field",
        "is_formula_field": false,
        "is_value_read_only": false,
        "type": "enum"
      },
      {
        "gid": "1204456891952868",
        "enabled": true,
        "enum_options": [
          {
            "gid": "1204456891952869",
            "color": "blue",
            "enabled": true,
            "name": "Not Started",
            "resource_type": "enum_option"
          },
          {
            "gid": "1204456891952870",
            "color": "cool-gray",
            "enabled": true,
            "name": "In Progress",
            "resource_type": "enum_option"
          },
          {
            "gid": "1204456891952871",
            "color": "yellow",
            "enabled": true,
            "name": "Waiting",
            "resource_type": "enum_option"
          },
          {
            "gid": "1204456891952872",
            "color": "orange",
            "enabled": true,
            "name": "Deferred",
            "resource_type": "enum_option"
          },
          {
            "gid": "1204456891952873",
            "color": "blue-green",
            "enabled": true,
            "name": "Done",
            "resource_type": "enum_option"
          }
        ],
        "enum_value": {
          "gid": "1204456891952873",
          "color": "blue-green",
          "enabled": true,
          "name": "Done",
          "resource_type": "enum_option"
        },
        "name": "Task Progress",
        "description": "Asana-created. Track the progress of each task.",
        "created_by": null,
        "display_value": "Done",
        "resource_subtype": "enum",
        "resource_type": "custom_field",
        "is_formula_field": false,
        "is_value_read_only": false,
        "type": "enum"
      },
      {
        "gid": "1204571851534991",
        "enabled": true,
        "name": "Estimated time",
        "description": "Asana-created. Estimate time to complete a task.",
        "number_value": null,
        "precision": 0,
        "created_by": null,
        "display_value": null,
        "resource_subtype": "number",
        "resource_type": "custom_field",
        "is_formula_field": false,
        "is_value_read_only": false,
        "type": "number"
      }
    ],
    "name": "Development",
    "projects": [
      {
        "gid": "1206163141306641",
        "resource_type": "project"
      }
    ],
    "first_activity_at": "2023-12-13T17:14:02.190Z"
  },
  {
    "gid": "1206163145057569",
    "completed": true,
    "completed_at": "2024-04-18T21:12:54.919Z",
    "created_at": "2023-12-13T17:14:01.802Z",
    "custom_fields": [
      {
        "gid": "1204456891952863",
        "enabled": true,
        "enum_options": [
          {
            "gid": "1204456891952864",
            "color": "red",
            "enabled": true,
            "name": "High",
            "resource_type": "enum_option"
          },
          {
            "gid": "1204456891952865",
            "color": "orange",
            "enabled": true,
            "name": "Medium",
            "resource_type": "enum_option"
          },
          {
            "gid": "1204456891952866",
            "color": "yellow-orange",
            "enabled": true,
            "name": "Low",
            "resource_type": "enum_option"
          }
        ],
        "enum_value": null,
        "name": "Priority",
        "description": "Asana-created. Track the priority of each task.",
        "created_by": null,
        "display_value": null,
        "resource_subtype": "enum",
        "resource_type": "custom_field",
        "is_formula_field": false,
        "is_value_read_only": false,
        "type": "enum"
      },
      {
        "gid": "1204456891952868",
        "enabled": true,
        "enum_options": [
          {
            "gid": "1204456891952869",
            "color": "blue",
            "enabled": true,
            "name": "Not Started",
            "resource_type": "enum_option"
          },
          {
            "gid": "1204456891952870",
            "color": "cool-gray",
            "enabled": true,
            "name": "In Progress",
            "resource_type": "enum_option"
          },
          {
            "gid": "1204456891952871",
            "color": "yellow",
            "enabled": true,
            "name": "Waiting",
            "resource_type": "enum_option"
          },
          {
            "gid": "1204456891952872",
            "color": "orange",
            "enabled": true,
            "name": "Deferred",
            "resource_type": "enum_option"
          },
          {
            "gid": "1204456891952873",
            "color": "blue-green",
            "enabled": true,
            "name": "Done",
            "resource_type": "enum_option"
          }
        ],
        "enum_value": {
          "gid": "1204456891952873",
          "color": "blue-green",
          "enabled": true,
          "name": "Done",
          "resource_type": "enum_option"
        },
        "name": "Task Progress",
        "description": "Asana-created. Track the progress of each task.",
        "created_by": null,
        "display_value": "Done",
        "resource_subtype": "enum",
        "resource_type": "custom_field",
        "is_formula_field": false,
        "is_value_read_only": false,
        "type": "enum"
      },
      {
        "gid": "1204571851534991",
        "enabled": true,
        "name": "Estimated time",
        "description": "Asana-created. Estimate time to complete a task.",
        "number_value": null,
        "precision": 0,
        "created_by": null,
        "display_value": null,
        "resource_subtype": "number",
        "resource_type": "custom_field",
        "is_formula_field": false,
        "is_value_read_only": false,
        "type": "number"
      }
    ],
    "name": "Development Internal Review",
    "projects": [
      {
        "gid": "1206163141306641",
        "resource_type": "project"
      }
    ],
    "first_activity_at": "2023-12-13T17:14:02.179Z"
  },
  {
    "gid": "1206163145057575",
    "completed": true,
    "completed_at": "2024-04-18T21:13:04.642Z",
    "created_at": "2023-12-13T17:14:01.969Z",
    "custom_fields": [
      {
        "gid": "1204456891952863",
        "enabled": true,
        "enum_options": [
          {
            "gid": "1204456891952864",
            "color": "red",
            "enabled": true,
            "name": "High",
            "resource_type": "enum_option"
          },
          {
            "gid": "1204456891952865",
            "color": "orange",
            "enabled": true,
            "name": "Medium",
            "resource_type": "enum_option"
          },
          {
            "gid": "1204456891952866",
            "color": "yellow-orange",
            "enabled": true,
            "name": "Low",
            "resource_type": "enum_option"
          }
        ],
        "enum_value": null,
        "name": "Priority",
        "description": "Asana-created. Track the priority of each task.",
        "created_by": null,
        "display_value": null,
        "resource_subtype": "enum",
        "resource_type": "custom_field",
        "is_formula_field": false,
        "is_value_read_only": false,
        "type": "enum"
      },
      {
        "gid": "1204456891952868",
        "enabled": true,
        "enum_options": [
          {
            "gid": "1204456891952869",
            "color": "blue",
            "enabled": true,
            "name": "Not Started",
            "resource_type": "enum_option"
          },
          {
            "gid": "1204456891952870",
            "color": "cool-gray",
            "enabled": true,
            "name": "In Progress",
            "resource_type": "enum_option"
          },
          {
            "gid": "1204456891952871",
            "color": "yellow",
            "enabled": true,
            "name": "Waiting",
            "resource_type": "enum_option"
          },
          {
            "gid": "1204456891952872",
            "color": "orange",
            "enabled": true,
            "name": "Deferred",
            "resource_type": "enum_option"
          },
          {
            "gid": "1204456891952873",
            "color": "blue-green",
            "enabled": true,
            "name": "Done",
            "resource_type": "enum_option"
          }
        ],
        "enum_value": {
          "gid": "1204456891952873",
          "color": "blue-green",
          "enabled": true,
          "name": "Done",
          "resource_type": "enum_option"
        },
        "name": "Task Progress",
        "description": "Asana-created. Track the progress of each task.",
        "created_by": null,
        "display_value": "Done",
        "resource_subtype": "enum",
        "resource_type": "custom_field",
        "is_formula_field": false,
        "is_value_read_only": false,
        "type": "enum"
      },
      {
        "gid": "1204571851534991",
        "enabled": true,
        "name": "Estimated time",
        "description": "Asana-created. Estimate time to complete a task.",
        "number_value": null,
        "precision": 0,
        "created_by": null,
        "display_value": null,
        "resource_subtype": "number",
        "resource_type": "custom_field",
        "is_formula_field": false,
        "is_value_read_only": false,
        "type": "number"
      }
    ],
    "name": "Development Client Review",
    "projects": [
      {
        "gid": "1206163141306641",
        "resource_type": "project"
      }
    ],
    "first_activity_at": "2023-12-13T17:14:02.307Z"
  },
  {
    "gid": "1206163145057593",
    "completed": true,
    "completed_at": "2024-04-19T13:39:21.377Z",
    "created_at": "2023-12-13T17:14:02.815Z",
    "custom_fields": [
      {
        "gid": "1204456891952863",
        "enabled": true,
        "enum_options": [
          {
            "gid": "1204456891952864",
            "color": "red",
            "enabled": true,
            "name": "High",
            "resource_type": "enum_option"
          },
          {
            "gid": "1204456891952865",
            "color": "orange",
            "enabled": true,
            "name": "Medium",
            "resource_type": "enum_option"
          },
          {
            "gid": "1204456891952866",
            "color": "yellow-orange",
            "enabled": true,
            "name": "Low",
            "resource_type": "enum_option"
          }
        ],
        "enum_value": null,
        "name": "Priority",
        "description": "Asana-created. Track the priority of each task.",
        "created_by": null,
        "display_value": null,
        "resource_subtype": "enum",
        "resource_type": "custom_field",
        "is_formula_field": false,
        "is_value_read_only": false,
        "type": "enum"
      },
      {
        "gid": "1204456891952868",
        "enabled": true,
        "enum_options": [
          {
            "gid": "1204456891952869",
            "color": "blue",
            "enabled": true,
            "name": "Not Started",
            "resource_type": "enum_option"
          },
          {
            "gid": "1204456891952870",
            "color": "cool-gray",
            "enabled": true,
            "name": "In Progress",
            "resource_type": "enum_option"
          },
          {
            "gid": "1204456891952871",
            "color": "yellow",
            "enabled": true,
            "name": "Waiting",
            "resource_type": "enum_option"
          },
          {
            "gid": "1204456891952872",
            "color": "orange",
            "enabled": true,
            "name": "Deferred",
            "resource_type": "enum_option"
          },
          {
            "gid": "1204456891952873",
            "color": "blue-green",
            "enabled": true,
            "name": "Done",
            "resource_type": "enum_option"
          }
        ],
        "enum_value": {
          "gid": "1204456891952873",
          "color": "blue-green",
          "enabled": true,
          "name": "Done",
          "resource_type": "enum_option"
        },
        "name": "Task Progress",
        "description": "Asana-created. Track the progress of each task.",
        "created_by": null,
        "display_value": "Done",
        "resource_subtype": "enum",
        "resource_type": "custom_field",
        "is_formula_field": false,
        "is_value_read_only": false,
        "type": "enum"
      },
      {
        "gid": "1204571851534991",
        "enabled": true,
        "name": "Estimated time",
        "description": "Asana-created. Estimate time to complete a task.",
        "number_value": null,
        "precision": 0,
        "created_by": null,
        "display_value": null,
        "resource_subtype": "number",
        "resource_type": "custom_field",
        "is_formula_field": false,
        "is_value_read_only": false,
        "type": "number"
      }
    ],
    "name": "Launch",
    "projects": [
      {
        "gid": "1206163141306641",
        "resource_type": "project"
      }
    ],
    "first_activity_at": "2023-12-13T17:14:03.202Z"
  },
  {
    "gid": "1206163145127113",
    "completed": true,
    "completed_at": "2024-05-06T17:20:19.902Z",
    "created_at": "2023-12-13T17:14:02.997Z",
    "custom_fields": [
      {
        "gid": "1204456891952863",
        "enabled": true,
        "enum_options": [
          {
            "gid": "1204456891952864",
            "color": "red",
            "enabled": true,
            "name": "High",
            "resource_type": "enum_option"
          },
          {
            "gid": "1204456891952865",
            "color": "orange",
            "enabled": true,
            "name": "Medium",
            "resource_type": "enum_option"
          },
          {
            "gid": "1204456891952866",
            "color": "yellow-orange",
            "enabled": true,
            "name": "Low",
            "resource_type": "enum_option"
          }
        ],
        "enum_value": null,
        "name": "Priority",
        "description": "Asana-created. Track the priority of each task.",
        "created_by": null,
        "display_value": null,
        "resource_subtype": "enum",
        "resource_type": "custom_field",
        "is_formula_field": false,
        "is_value_read_only": false,
        "type": "enum"
      },
      {
        "gid": "1204456891952868",
        "enabled": true,
        "enum_options": [
          {
            "gid": "1204456891952869",
            "color": "blue",
            "enabled": true,
            "name": "Not Started",
            "resource_type": "enum_option"
          },
          {
            "gid": "1204456891952870",
            "color": "cool-gray",
            "enabled": true,
            "name": "In Progress",
            "resource_type": "enum_option"
          },
          {
            "gid": "1204456891952871",
            "color": "yellow",
            "enabled": true,
            "name": "Waiting",
            "resource_type": "enum_option"
          },
          {
            "gid": "1204456891952872",
            "color": "orange",
            "enabled": true,
            "name": "Deferred",
            "resource_type": "enum_option"
          },
          {
            "gid": "1204456891952873",
            "color": "blue-green",
            "enabled": true,
            "name": "Done",
            "resource_type": "enum_option"
          }
        ],
        "enum_value": {
          "gid": "1204456891952873",
          "color": "blue-green",
          "enabled": true,
          "name": "Done",
          "resource_type": "enum_option"
        },
        "name": "Task Progress",
        "description": "Asana-created. Track the progress of each task.",
        "created_by": null,
        "display_value": "Done",
        "resource_subtype": "enum",
        "resource_type": "custom_field",
        "is_formula_field": false,
        "is_value_read_only": false,
        "type": "enum"
      },
      {
        "gid": "1204571851534991",
        "enabled": true,
        "name": "Estimated time",
        "description": "Asana-created. Estimate time to complete a task.",
        "number_value": null,
        "precision": 0,
        "created_by": null,
        "display_value": null,
        "resource_subtype": "number",
        "resource_type": "custom_field",
        "is_formula_field": false,
        "is_value_read_only": false,
        "type": "number"
      }
    ],
    "name": "Training Videos",
    "projects": [
      {
        "gid": "1206163141306641",
        "resource_type": "project"
      }
    ],
    "first_activity_at": "2023-12-13T17:14:03.195Z"
  }
]