[
  {
    "gid": "1206495867268172",
    "completed": true,
    "completed_at": "2024-03-01T14:37:28.483Z",
    "created_at": "2024-02-01T15:25:20.610Z",
    "custom_fields": [],
    "name": "Development Updates",
    "projects": [
      {
        "gid": "1206495867268163",
        "resource_type": "project"
      }
    ],
    "first_activity_at": "2024-02-01T15:38:26.214Z"
  },
  {
    "gid": "1206495867268166",
    "completed": true,
    "completed_at": "2024-02-01T15:53:55.877Z",
    "created_at": "2024-02-01T15:23:27.495Z",
    "custom_fields": [],
    "name": "About Us section rewrite",
    "projects": [
      {
        "gid": "1206495867268163",
        "resource_type": "project"
      }
    ],
    "first_activity_at": "2024-02-01T15:24:22.470Z"
  }
]