[
  {
    "gid": "1207009537429280",
    "completed": true,
    "completed_at": "2024-06-24T18:22:16.034Z",
    "created_at": "2024-04-05T14:27:45.589Z",
    "custom_fields": [
      {
        "gid": "1204571851534991",
        "enabled": true,
        "name": "Estimated time",
        "description": "Asana-created. Estimate time to complete a task.",
        "number_value": null,
        "precision": 0,
        "created_by": null,
        "display_value": null,
        "resource_subtype": "number",
        "resource_type": "custom_field",
        "is_formula_field": false,
        "is_value_read_only": false,
        "type": "number"
      }
    ],
    "name": "Dropdown Additions",
    "projects": [
      {
        "gid": "1206786145393260",
        "resource_type": "project"
      }
    ],
    "first_activity_at": "2024-04-05T14:29:49.001Z"
  },
  {
    "gid": "1206786145393263",
    "completed": true,
    "completed_at": "2024-04-01T03:18:19.379Z",
    "created_at": "2024-03-07T15:43:17.537Z",
    "custom_fields": [
      {
        "gid": "1204571851534991",
        "enabled": true,
        "name": "Estimated time",
        "description": "Asana-created. Estimate time to complete a task.",
        "number_value": null,
        "precision": 0,
        "created_by": null,
        "display_value": null,
        "resource_subtype": "number",
        "resource_type": "custom_field",
        "is_formula_field": false,
        "is_value_read_only": false,
        "type": "number"
      }
    ],
    "name": "LAUNCH",
    "projects": [
      {
        "gid": "1206786145393260",
        "resource_type": "project"
      }
    ],
    "first_activity_at": "2024-03-07T15:45:42.932Z"
  },
  {
    "gid": "1206852574076984",
    "completed": true,
    "completed_at": "2024-04-02T20:53:28.646Z",
    "created_at": "2024-03-15T16:19:56.852Z",
    "custom_fields": [
      {
        "gid": "1204571851534991",
        "enabled": true,
        "name": "Estimated time",
        "description": "Asana-created. Estimate time to complete a task.",
        "number_value": null,
        "precision": 0,
        "created_by": null,
        "display_value": null,
        "resource_subtype": "number",
        "resource_type": "custom_field",
        "is_formula_field": false,
        "is_value_read_only": false,
        "type": "number"
      }
    ],
    "name": "Redirect maccrec.org to gsvymca.com",
    "projects": [
      {
        "gid": "1206786145393260",
        "resource_type": "project"
      }
    ],
    "first_activity_at": "2024-03-15T16:20:56.608Z"
  },
  {
    "gid": "1206864737319769",
    "completed": true,
    "completed_at": "2024-03-25T16:51:29.708Z",
    "created_at": "2024-03-18T15:14:28.744Z",
    "custom_fields": [
      {
        "gid": "1204571851534991",
        "enabled": true,
        "name": "Estimated time",
        "description": "Asana-created. Estimate time to complete a task.",
        "number_value": null,
        "precision": 0,
        "created_by": null,
        "display_value": null,
        "resource_subtype": "number",
        "resource_type": "custom_field",
        "is_formula_field": false,
        "is_value_read_only": false,
        "type": "number"
      }
    ],
    "name": "Client Review",
    "projects": [
      {
        "gid": "1206786145393260",
        "resource_type": "project"
      }
    ],
    "first_activity_at": "2024-03-25T16:51:29.764Z"
  },
  {
    "gid": "1206786147317454",
    "completed": true,
    "completed_at": "2024-03-28T16:59:21.480Z",
    "created_at": "2024-03-07T15:52:14.822Z",
    "custom_fields": [
      {
        "gid": "1204571851534991",
        "enabled": true,
        "name": "Estimated time",
        "description": "Asana-created. Estimate time to complete a task.",
        "number_value": null,
        "precision": 0,
        "created_by": null,
        "display_value": null,
        "resource_subtype": "number",
        "resource_type": "custom_field",
        "is_formula_field": false,
        "is_value_read_only": false,
        "type": "number"
      }
    ],
    "name": "Development",
    "projects": [
      {
        "gid": "1206786145393260",
        "resource_type": "project"
      }
    ],
    "first_activity_at": "2024-03-07T16:00:21.893Z"
  }
]