[
  {
    "gid": "1206600989838013",
    "completed": true,
    "completed_at": "2024-02-16T19:16:04.160Z",
    "created_at": "2024-02-14T15:55:55.966Z",
    "custom_fields": [],
    "name": "Add Content",
    "projects": [
      {
        "gid": "1206373376896292",
        "resource_type": "project"
      }
    ],
    "first_activity_at": "2024-02-14T15:56:02.573Z"
  },
  {
    "gid": "1206557189279596",
    "completed": true,
    "completed_at": "2024-02-14T15:51:12.560Z",
    "created_at": "2024-02-08T19:42:36.148Z",
    "custom_fields": [],
    "name": "Written Content",
    "projects": [
      {
        "gid": "1206373376896292",
        "resource_type": "project"
      }
    ],
    "first_activity_at": "2024-02-08T19:42:48.765Z"
  },
  {
    "gid": "1206581597413717",
    "completed": true,
    "completed_at": "2024-02-13T16:03:12.197Z",
    "created_at": "2024-02-12T16:17:32.075Z",
    "custom_fields": [],
    "name": "Client Revisions",
    "projects": [
      {
        "gid": "1206373376896292",
        "resource_type": "project"
      }
    ],
    "first_activity_at": "2024-02-13T16:02:21.414Z"
  },
  {
    "gid": "1206373376896312",
    "completed": true,
    "completed_at": "2024-02-02T20:25:10.766Z",
    "created_at": "2024-01-17T20:03:17.386Z",
    "custom_fields": [],
    "name": "Brochure Layout",
    "projects": [
      {
        "gid": "1206373376896292",
        "resource_type": "project"
      }
    ],
    "first_activity_at": "2024-01-17T20:03:29.911Z"
  },
  {
    "gid": "1206507327504065",
    "completed": true,
    "completed_at": "2024-02-05T16:41:12.095Z",
    "created_at": "2024-02-02T21:43:21.211Z",
    "custom_fields": [],
    "name": "Review",
    "projects": [
      {
        "gid": "1206373376896292",
        "resource_type": "project"
      }
    ],
    "first_activity_at": "2024-02-02T21:43:32.338Z"
  }
]