[
  {
    "gid": "1207089463369083",
    "completed": true,
    "completed_at": "2024-05-13T15:42:26.161Z",
    "created_at": "2024-04-16T15:47:28.929Z",
    "custom_fields": [],
    "name": "Launch",
    "projects": [
      {
        "gid": "1207089459176268",
        "resource_type": "project"
      }
    ],
    "first_activity_at": "2024-04-16T15:47:37.164Z"
  },
  {
    "gid": "1207089463369047",
    "completed": true,
    "completed_at": "2024-05-13T13:41:30.712Z",
    "created_at": "2024-04-16T14:33:18.619Z",
    "custom_fields": [],
    "name": "Purchase comepartyinthepark.com",
    "projects": [
      {
        "gid": "1207089459176268",
        "resource_type": "project"
      }
    ],
    "first_activity_at": "2024-04-16T14:33:28.624Z"
  },
  {
    "gid": "1207089463369050",
    "completed": true,
    "completed_at": "2024-05-10T16:50:34.498Z",
    "created_at": "2024-04-16T14:33:52.128Z",
    "custom_fields": [],
    "name": "Development",
    "projects": [
      {
        "gid": "1207089459176268",
        "resource_type": "project"
      }
    ],
    "first_activity_at": "2024-04-16T14:33:58.627Z"
  },
  {
    "gid": "1207276332909465",
    "completed": true,
    "completed_at": "2024-05-10T20:15:38.211Z",
    "created_at": "2024-05-09T15:14:04.420Z",
    "custom_fields": [],
    "name": "Internal Review",
    "projects": [
      {
        "gid": "1207089459176268",
        "resource_type": "project"
      }
    ],
    "first_activity_at": "2024-05-09T15:14:19.870Z"
  },
  {
    "gid": "1207160265022129",
    "completed": true,
    "completed_at": "2024-04-25T14:08:10.184Z",
    "created_at": "2024-04-24T19:46:40.063Z",
    "custom_fields": [],
    "name": "Gather assets to a folder",
    "projects": [
      {
        "gid": "1207089459176268",
        "resource_type": "project"
      }
    ],
    "first_activity_at": "2024-04-24T19:46:47.908Z"
  },
  {
    "gid": "1207139106437058",
    "completed": true,
    "completed_at": "2024-04-22T18:55:31.090Z",
    "created_at": "2024-04-22T17:59:44.383Z",
    "custom_fields": [],
    "name": "Mockup Revisions",
    "projects": [
      {
        "gid": "1207089459176268",
        "resource_type": "project"
      }
    ],
    "first_activity_at": "2024-04-22T18:00:26.820Z"
  },
  {
    "gid": "1207089459176271",
    "completed": true,
    "completed_at": "2024-04-18T16:49:16.499Z",
    "created_at": "2024-04-16T13:58:33.593Z",
    "custom_fields": [],
    "name": "Mockup",
    "projects": [
      {
        "gid": "1207089459176268",
        "resource_type": "project"
      }
    ],
    "first_activity_at": "2024-04-16T14:30:14.507Z"
  }
]