[
  {
    "gid": "1207647577460151",
    "completed": false,
    "completed_at": null,
    "created_at": "2024-06-24T14:28:43.679Z",
    "custom_fields": [
      {
        "gid": "1204482401538844",
        "enabled": true,
        "enum_options": [
          {
            "gid": "1204482401538845",
            "color": "red",
            "enabled": true,
            "name": "High priority",
            "resource_type": "enum_option"
          },
          {
            "gid": "1204482401538846",
            "color": "orange",
            "enabled": true,
            "name": "Medium priority",
            "resource_type": "enum_option"
          },
          {
            "gid": "1204482401538847",
            "color": "yellow-orange",
            "enabled": true,
            "name": "Low priority",
            "resource_type": "enum_option"
          }
        ],
        "enum_value": null,
        "name": "Priority level?",
        "description": "Asana-created. Track the priority of each task.",
        "created_by": null,
        "display_value": null,
        "resource_subtype": "enum",
        "resource_type": "custom_field",
        "is_formula_field": false,
        "is_value_read_only": false,
        "type": "enum"
      },
      {
        "gid": "1204456891952868",
        "enabled": true,
        "enum_options": [
          {
            "gid": "1204456891952869",
            "color": "blue",
            "enabled": true,
            "name": "Not Started",
            "resource_type": "enum_option"
          },
          {
            "gid": "1204456891952870",
            "color": "cool-gray",
            "enabled": true,
            "name": "In Progress",
            "resource_type": "enum_option"
          },
          {
            "gid": "1204456891952871",
            "color": "yellow",
            "enabled": true,
            "name": "Waiting",
            "resource_type": "enum_option"
          },
          {
            "gid": "1204456891952872",
            "color": "orange",
            "enabled": true,
            "name": "Deferred",
            "resource_type": "enum_option"
          },
          {
            "gid": "1204456891952873",
            "color": "blue-green",
            "enabled": true,
            "name": "Done",
            "resource_type": "enum_option"
          }
        ],
        "enum_value": null,
        "name": "Task Progress",
        "description": "Asana-created. Track the progress of each task.",
        "created_by": null,
        "display_value": null,
        "resource_subtype": "enum",
        "resource_type": "custom_field",
        "is_formula_field": false,
        "is_value_read_only": false,
        "type": "enum"
      }
    ],
    "name": "Storyboard Meeting",
    "projects": [
      {
        "gid": "1207647470756953",
        "resource_type": "project"
      }
    ],
    "first_activity_at": null
  },
  {
    "gid": "1207647579692271",
    "completed": true,
    "completed_at": "2024-07-29T15:59:27.708Z",
    "created_at": "2024-06-24T14:28:44.862Z",
    "custom_fields": [
      {
        "gid": "1204482401538844",
        "enabled": true,
        "enum_options": [
          {
            "gid": "1204482401538845",
            "color": "red",
            "enabled": true,
            "name": "High priority",
            "resource_type": "enum_option"
          },
          {
            "gid": "1204482401538846",
            "color": "orange",
            "enabled": true,
            "name": "Medium priority",
            "resource_type": "enum_option"
          },
          {
            "gid": "1204482401538847",
            "color": "yellow-orange",
            "enabled": true,
            "name": "Low priority",
            "resource_type": "enum_option"
          }
        ],
        "enum_value": null,
        "name": "Priority level?",
        "description": "Asana-created. Track the priority of each task.",
        "created_by": null,
        "display_value": null,
        "resource_subtype": "enum",
        "resource_type": "custom_field",
        "is_formula_field": false,
        "is_value_read_only": false,
        "type": "enum"
      },
      {
        "gid": "1204456891952868",
        "enabled": true,
        "enum_options": [
          {
            "gid": "1204456891952869",
            "color": "blue",
            "enabled": true,
            "name": "Not Started",
            "resource_type": "enum_option"
          },
          {
            "gid": "1204456891952870",
            "color": "cool-gray",
            "enabled": true,
            "name": "In Progress",
            "resource_type": "enum_option"
          },
          {
            "gid": "1204456891952871",
            "color": "yellow",
            "enabled": true,
            "name": "Waiting",
            "resource_type": "enum_option"
          },
          {
            "gid": "1204456891952872",
            "color": "orange",
            "enabled": true,
            "name": "Deferred",
            "resource_type": "enum_option"
          },
          {
            "gid": "1204456891952873",
            "color": "blue-green",
            "enabled": true,
            "name": "Done",
            "resource_type": "enum_option"
          }
        ],
        "enum_value": null,
        "name": "Task Progress",
        "description": "Asana-created. Track the progress of each task.",
        "created_by": null,
        "display_value": null,
        "resource_subtype": "enum",
        "resource_type": "custom_field",
        "is_formula_field": false,
        "is_value_read_only": false,
        "type": "enum"
      }
    ],
    "name": "Photoshoot",
    "projects": [
      {
        "gid": "1207647470756953",
        "resource_type": "project"
      }
    ],
    "first_activity_at": "2024-06-28T14:17:26.621Z"
  },
  {
    "gid": "1207647579692262",
    "completed": true,
    "completed_at": "2024-06-28T14:17:31.668Z",
    "created_at": "2024-06-24T14:28:44.328Z",
    "custom_fields": [
      {
        "gid": "1204482401538844",
        "enabled": true,
        "enum_options": [
          {
            "gid": "1204482401538845",
            "color": "red",
            "enabled": true,
            "name": "High priority",
            "resource_type": "enum_option"
          },
          {
            "gid": "1204482401538846",
            "color": "orange",
            "enabled": true,
            "name": "Medium priority",
            "resource_type": "enum_option"
          },
          {
            "gid": "1204482401538847",
            "color": "yellow-orange",
            "enabled": true,
            "name": "Low priority",
            "resource_type": "enum_option"
          }
        ],
        "enum_value": null,
        "name": "Priority level?",
        "description": "Asana-created. Track the priority of each task.",
        "created_by": null,
        "display_value": null,
        "resource_subtype": "enum",
        "resource_type": "custom_field",
        "is_formula_field": false,
        "is_value_read_only": false,
        "type": "enum"
      },
      {
        "gid": "1204456891952868",
        "enabled": true,
        "enum_options": [
          {
            "gid": "1204456891952869",
            "color": "blue",
            "enabled": true,
            "name": "Not Started",
            "resource_type": "enum_option"
          },
          {
            "gid": "1204456891952870",
            "color": "cool-gray",
            "enabled": true,
            "name": "In Progress",
            "resource_type": "enum_option"
          },
          {
            "gid": "1204456891952871",
            "color": "yellow",
            "enabled": true,
            "name": "Waiting",
            "resource_type": "enum_option"
          },
          {
            "gid": "1204456891952872",
            "color": "orange",
            "enabled": true,
            "name": "Deferred",
            "resource_type": "enum_option"
          },
          {
            "gid": "1204456891952873",
            "color": "blue-green",
            "enabled": true,
            "name": "Done",
            "resource_type": "enum_option"
          }
        ],
        "enum_value": {
          "gid": "1204456891952873",
          "color": "blue-green",
          "enabled": true,
          "name": "Done",
          "resource_type": "enum_option"
        },
        "name": "Task Progress",
        "description": "Asana-created. Track the progress of each task.",
        "created_by": null,
        "display_value": "Done",
        "resource_subtype": "enum",
        "resource_type": "custom_field",
        "is_formula_field": false,
        "is_value_read_only": false,
        "type": "enum"
      }
    ],
    "name": "Schedule Photoshoot",
    "projects": [
      {
        "gid": "1207647470756953",
        "resource_type": "project"
      }
    ],
    "first_activity_at": "2024-06-28T14:17:31.776Z"
  },
  {
    "gid": "1207647579692280",
    "completed": true,
    "completed_at": "2024-07-29T15:59:46.316Z",
    "created_at": "2024-06-24T14:28:45.457Z",
    "custom_fields": [
      {
        "gid": "1204482401538844",
        "enabled": true,
        "enum_options": [
          {
            "gid": "1204482401538845",
            "color": "red",
            "enabled": true,
            "name": "High priority",
            "resource_type": "enum_option"
          },
          {
            "gid": "1204482401538846",
            "color": "orange",
            "enabled": true,
            "name": "Medium priority",
            "resource_type": "enum_option"
          },
          {
            "gid": "1204482401538847",
            "color": "yellow-orange",
            "enabled": true,
            "name": "Low priority",
            "resource_type": "enum_option"
          }
        ],
        "enum_value": null,
        "name": "Priority level?",
        "description": "Asana-created. Track the priority of each task.",
        "created_by": null,
        "display_value": null,
        "resource_subtype": "enum",
        "resource_type": "custom_field",
        "is_formula_field": false,
        "is_value_read_only": false,
        "type": "enum"
      },
      {
        "gid": "1204456891952868",
        "enabled": true,
        "enum_options": [
          {
            "gid": "1204456891952869",
            "color": "blue",
            "enabled": true,
            "name": "Not Started",
            "resource_type": "enum_option"
          },
          {
            "gid": "1204456891952870",
            "color": "cool-gray",
            "enabled": true,
            "name": "In Progress",
            "resource_type": "enum_option"
          },
          {
            "gid": "1204456891952871",
            "color": "yellow",
            "enabled": true,
            "name": "Waiting",
            "resource_type": "enum_option"
          },
          {
            "gid": "1204456891952872",
            "color": "orange",
            "enabled": true,
            "name": "Deferred",
            "resource_type": "enum_option"
          },
          {
            "gid": "1204456891952873",
            "color": "blue-green",
            "enabled": true,
            "name": "Done",
            "resource_type": "enum_option"
          }
        ],
        "enum_value": null,
        "name": "Task Progress",
        "description": "Asana-created. Track the progress of each task.",
        "created_by": null,
        "display_value": null,
        "resource_subtype": "enum",
        "resource_type": "custom_field",
        "is_formula_field": false,
        "is_value_read_only": false,
        "type": "enum"
      }
    ],
    "name": "Deliverable 1",
    "projects": [
      {
        "gid": "1207647470756953",
        "resource_type": "project"
      }
    ],
    "first_activity_at": "2024-07-29T15:59:46.410Z"
  },
  {
    "gid": "1207647579859939",
    "completed": false,
    "completed_at": null,
    "created_at": "2024-06-24T14:28:45.941Z",
    "custom_fields": [
      {
        "gid": "1204482401538844",
        "enabled": true,
        "enum_options": [
          {
            "gid": "1204482401538845",
            "color": "red",
            "enabled": true,
            "name": "High priority",
            "resource_type": "enum_option"
          },
          {
            "gid": "1204482401538846",
            "color": "orange",
            "enabled": true,
            "name": "Medium priority",
            "resource_type": "enum_option"
          },
          {
            "gid": "1204482401538847",
            "color": "yellow-orange",
            "enabled": true,
            "name": "Low priority",
            "resource_type": "enum_option"
          }
        ],
        "enum_value": null,
        "name": "Priority level?",
        "description": "Asana-created. Track the priority of each task.",
        "created_by": null,
        "display_value": null,
        "resource_subtype": "enum",
        "resource_type": "custom_field",
        "is_formula_field": false,
        "is_value_read_only": false,
        "type": "enum"
      },
      {
        "gid": "1204456891952868",
        "enabled": true,
        "enum_options": [
          {
            "gid": "1204456891952869",
            "color": "blue",
            "enabled": true,
            "name": "Not Started",
            "resource_type": "enum_option"
          },
          {
            "gid": "1204456891952870",
            "color": "cool-gray",
            "enabled": true,
            "name": "In Progress",
            "resource_type": "enum_option"
          },
          {
            "gid": "1204456891952871",
            "color": "yellow",
            "enabled": true,
            "name": "Waiting",
            "resource_type": "enum_option"
          },
          {
            "gid": "1204456891952872",
            "color": "orange",
            "enabled": true,
            "name": "Deferred",
            "resource_type": "enum_option"
          },
          {
            "gid": "1204456891952873",
            "color": "blue-green",
            "enabled": true,
            "name": "Done",
            "resource_type": "enum_option"
          }
        ],
        "enum_value": null,
        "name": "Task Progress",
        "description": "Asana-created. Track the progress of each task.",
        "created_by": null,
        "display_value": null,
        "resource_subtype": "enum",
        "resource_type": "custom_field",
        "is_formula_field": false,
        "is_value_read_only": false,
        "type": "enum"
      }
    ],
    "name": "Deliverable 2",
    "projects": [
      {
        "gid": "1207647470756953",
        "resource_type": "project"
      }
    ],
    "first_activity_at": null
  },
  {
    "gid": "1207647579859948",
    "completed": false,
    "completed_at": null,
    "created_at": "2024-06-24T14:28:46.385Z",
    "custom_fields": [
      {
        "gid": "1204482401538844",
        "enabled": true,
        "enum_options": [
          {
            "gid": "1204482401538845",
            "color": "red",
            "enabled": true,
            "name": "High priority",
            "resource_type": "enum_option"
          },
          {
            "gid": "1204482401538846",
            "color": "orange",
            "enabled": true,
            "name": "Medium priority",
            "resource_type": "enum_option"
          },
          {
            "gid": "1204482401538847",
            "color": "yellow-orange",
            "enabled": true,
            "name": "Low priority",
            "resource_type": "enum_option"
          }
        ],
        "enum_value": null,
        "name": "Priority level?",
        "description": "Asana-created. Track the priority of each task.",
        "created_by": null,
        "display_value": null,
        "resource_subtype": "enum",
        "resource_type": "custom_field",
        "is_formula_field": false,
        "is_value_read_only": false,
        "type": "enum"
      },
      {
        "gid": "1204456891952868",
        "enabled": true,
        "enum_options": [
          {
            "gid": "1204456891952869",
            "color": "blue",
            "enabled": true,
            "name": "Not Started",
            "resource_type": "enum_option"
          },
          {
            "gid": "1204456891952870",
            "color": "cool-gray",
            "enabled": true,
            "name": "In Progress",
            "resource_type": "enum_option"
          },
          {
            "gid": "1204456891952871",
            "color": "yellow",
            "enabled": true,
            "name": "Waiting",
            "resource_type": "enum_option"
          },
          {
            "gid": "1204456891952872",
            "color": "orange",
            "enabled": true,
            "name": "Deferred",
            "resource_type": "enum_option"
          },
          {
            "gid": "1204456891952873",
            "color": "blue-green",
            "enabled": true,
            "name": "Done",
            "resource_type": "enum_option"
          }
        ],
        "enum_value": null,
        "name": "Task Progress",
        "description": "Asana-created. Track the progress of each task.",
        "created_by": null,
        "display_value": null,
        "resource_subtype": "enum",
        "resource_type": "custom_field",
        "is_formula_field": false,
        "is_value_read_only": false,
        "type": "enum"
      }
    ],
    "name": "Deliverable 3",
    "projects": [
      {
        "gid": "1207647470756953",
        "resource_type": "project"
      }
    ],
    "first_activity_at": null
  }
]