[
  {
    "gid": "1207286407833130",
    "completed": true,
    "completed_at": "2024-05-10T20:06:16.493Z",
    "created_at": "2024-05-10T17:04:36.805Z",
    "custom_fields": [],
    "name": "Publish",
    "projects": [
      {
        "gid": "1207055803096014",
        "resource_type": "project"
      }
    ],
    "first_activity_at": "2024-05-10T17:04:44.379Z"
  },
  {
    "gid": "1207138964849686",
    "completed": true,
    "completed_at": "2024-05-08T20:49:48.444Z",
    "created_at": "2024-04-22T14:33:24.993Z",
    "custom_fields": [],
    "name": "Test Answers",
    "projects": [
      {
        "gid": "1207055803096014",
        "resource_type": "project"
      }
    ],
    "first_activity_at": "2024-04-22T14:33:41.665Z"
  },
  {
    "gid": "1207055803096017",
    "completed": true,
    "completed_at": "2024-04-22T14:33:24.308Z",
    "created_at": "2024-04-11T14:38:23.198Z",
    "custom_fields": [],
    "name": "Development",
    "projects": [
      {
        "gid": "1207055803096014",
        "resource_type": "project"
      }
    ],
    "first_activity_at": "2024-04-11T14:44:38.041Z"
  }
]