[
  {
    "gid": "1207647925548838",
    "completed": true,
    "completed_at": "2024-06-24T14:41:12.084Z",
    "created_at": "2024-06-24T14:40:16.836Z",
    "custom_fields": [
      {
        "gid": "1204456891952868",
        "enabled": true,
        "enum_options": [
          {
            "gid": "1204456891952869",
            "color": "blue",
            "enabled": true,
            "name": "Not Started",
            "resource_type": "enum_option"
          },
          {
            "gid": "1204456891952870",
            "color": "cool-gray",
            "enabled": true,
            "name": "In Progress",
            "resource_type": "enum_option"
          },
          {
            "gid": "1204456891952871",
            "color": "yellow",
            "enabled": true,
            "name": "Waiting",
            "resource_type": "enum_option"
          },
          {
            "gid": "1204456891952872",
            "color": "orange",
            "enabled": true,
            "name": "Deferred",
            "resource_type": "enum_option"
          },
          {
            "gid": "1204456891952873",
            "color": "blue-green",
            "enabled": true,
            "name": "Done",
            "resource_type": "enum_option"
          }
        ],
        "enum_value": null,
        "name": "Task Progress",
        "description": "Asana-created. Track the progress of each task.",
        "created_by": null,
        "display_value": null,
        "resource_subtype": "enum",
        "resource_type": "custom_field",
        "is_formula_field": false,
        "is_value_read_only": false,
        "type": "enum"
      }
    ],
    "name": "Script",
    "projects": [
      {
        "gid": "1207647521384523",
        "resource_type": "project"
      }
    ],
    "first_activity_at": "2024-06-24T14:41:12.157Z"
  },
  {
    "gid": "1207647925548829",
    "completed": true,
    "completed_at": "2024-06-24T14:41:03.322Z",
    "created_at": "2024-06-24T14:40:16.094Z",
    "custom_fields": [
      {
        "gid": "1204456891952868",
        "enabled": true,
        "enum_options": [
          {
            "gid": "1204456891952869",
            "color": "blue",
            "enabled": true,
            "name": "Not Started",
            "resource_type": "enum_option"
          },
          {
            "gid": "1204456891952870",
            "color": "cool-gray",
            "enabled": true,
            "name": "In Progress",
            "resource_type": "enum_option"
          },
          {
            "gid": "1204456891952871",
            "color": "yellow",
            "enabled": true,
            "name": "Waiting",
            "resource_type": "enum_option"
          },
          {
            "gid": "1204456891952872",
            "color": "orange",
            "enabled": true,
            "name": "Deferred",
            "resource_type": "enum_option"
          },
          {
            "gid": "1204456891952873",
            "color": "blue-green",
            "enabled": true,
            "name": "Done",
            "resource_type": "enum_option"
          }
        ],
        "enum_value": null,
        "name": "Task Progress",
        "description": "Asana-created. Track the progress of each task.",
        "created_by": null,
        "display_value": null,
        "resource_subtype": "enum",
        "resource_type": "custom_field",
        "is_formula_field": false,
        "is_value_read_only": false,
        "type": "enum"
      }
    ],
    "name": "Storyboard Meeting",
    "projects": [
      {
        "gid": "1207647521384523",
        "resource_type": "project"
      }
    ],
    "first_activity_at": "2024-06-24T14:41:02.665Z"
  },
  {
    "gid": "1207647925692808",
    "completed": true,
    "completed_at": "2024-07-29T16:01:33.055Z",
    "created_at": "2024-06-24T14:40:17.965Z",
    "custom_fields": [
      {
        "gid": "1204456891952868",
        "enabled": true,
        "enum_options": [
          {
            "gid": "1204456891952869",
            "color": "blue",
            "enabled": true,
            "name": "Not Started",
            "resource_type": "enum_option"
          },
          {
            "gid": "1204456891952870",
            "color": "cool-gray",
            "enabled": true,
            "name": "In Progress",
            "resource_type": "enum_option"
          },
          {
            "gid": "1204456891952871",
            "color": "yellow",
            "enabled": true,
            "name": "Waiting",
            "resource_type": "enum_option"
          },
          {
            "gid": "1204456891952872",
            "color": "orange",
            "enabled": true,
            "name": "Deferred",
            "resource_type": "enum_option"
          },
          {
            "gid": "1204456891952873",
            "color": "blue-green",
            "enabled": true,
            "name": "Done",
            "resource_type": "enum_option"
          }
        ],
        "enum_value": null,
        "name": "Task Progress",
        "description": "Asana-created. Track the progress of each task.",
        "created_by": null,
        "display_value": null,
        "resource_subtype": "enum",
        "resource_type": "custom_field",
        "is_formula_field": false,
        "is_value_read_only": false,
        "type": "enum"
      }
    ],
    "name": "Video/Photoshoot",
    "projects": [
      {
        "gid": "1207647521384523",
        "resource_type": "project"
      }
    ],
    "first_activity_at": "2024-07-18T16:05:11.352Z"
  },
  {
    "gid": "1207647925692799",
    "completed": true,
    "completed_at": "2024-07-18T16:05:06.239Z",
    "created_at": "2024-06-24T14:40:17.441Z",
    "custom_fields": [
      {
        "gid": "1204456891952868",
        "enabled": true,
        "enum_options": [
          {
            "gid": "1204456891952869",
            "color": "blue",
            "enabled": true,
            "name": "Not Started",
            "resource_type": "enum_option"
          },
          {
            "gid": "1204456891952870",
            "color": "cool-gray",
            "enabled": true,
            "name": "In Progress",
            "resource_type": "enum_option"
          },
          {
            "gid": "1204456891952871",
            "color": "yellow",
            "enabled": true,
            "name": "Waiting",
            "resource_type": "enum_option"
          },
          {
            "gid": "1204456891952872",
            "color": "orange",
            "enabled": true,
            "name": "Deferred",
            "resource_type": "enum_option"
          },
          {
            "gid": "1204456891952873",
            "color": "blue-green",
            "enabled": true,
            "name": "Done",
            "resource_type": "enum_option"
          }
        ],
        "enum_value": {
          "gid": "1204456891952871",
          "color": "yellow",
          "enabled": true,
          "name": "Waiting",
          "resource_type": "enum_option"
        },
        "name": "Task Progress",
        "description": "Asana-created. Track the progress of each task.",
        "created_by": null,
        "display_value": "Waiting",
        "resource_subtype": "enum",
        "resource_type": "custom_field",
        "is_formula_field": false,
        "is_value_read_only": false,
        "type": "enum"
      }
    ],
    "name": "Schedule Video/Photoshoot",
    "projects": [
      {
        "gid": "1207647521384523",
        "resource_type": "project"
      }
    ],
    "first_activity_at": "2024-07-18T16:05:02.644Z"
  },
  {
    "gid": "1207647925692817",
    "completed": true,
    "completed_at": "2024-07-29T16:01:34.100Z",
    "created_at": "2024-06-24T14:40:18.579Z",
    "custom_fields": [
      {
        "gid": "1204456891952868",
        "enabled": true,
        "enum_options": [
          {
            "gid": "1204456891952869",
            "color": "blue",
            "enabled": true,
            "name": "Not Started",
            "resource_type": "enum_option"
          },
          {
            "gid": "1204456891952870",
            "color": "cool-gray",
            "enabled": true,
            "name": "In Progress",
            "resource_type": "enum_option"
          },
          {
            "gid": "1204456891952871",
            "color": "yellow",
            "enabled": true,
            "name": "Waiting",
            "resource_type": "enum_option"
          },
          {
            "gid": "1204456891952872",
            "color": "orange",
            "enabled": true,
            "name": "Deferred",
            "resource_type": "enum_option"
          },
          {
            "gid": "1204456891952873",
            "color": "blue-green",
            "enabled": true,
            "name": "Done",
            "resource_type": "enum_option"
          }
        ],
        "enum_value": null,
        "name": "Task Progress",
        "description": "Asana-created. Track the progress of each task.",
        "created_by": null,
        "display_value": null,
        "resource_subtype": "enum",
        "resource_type": "custom_field",
        "is_formula_field": false,
        "is_value_read_only": false,
        "type": "enum"
      }
    ],
    "name": "Deliverable 1",
    "projects": [
      {
        "gid": "1207647521384523",
        "resource_type": "project"
      }
    ],
    "first_activity_at": "2024-07-29T16:01:34.204Z"
  },
  {
    "gid": "1207647925692826",
    "completed": false,
    "completed_at": null,
    "created_at": "2024-06-24T14:40:19.124Z",
    "custom_fields": [
      {
        "gid": "1204456891952868",
        "enabled": true,
        "enum_options": [
          {
            "gid": "1204456891952869",
            "color": "blue",
            "enabled": true,
            "name": "Not Started",
            "resource_type": "enum_option"
          },
          {
            "gid": "1204456891952870",
            "color": "cool-gray",
            "enabled": true,
            "name": "In Progress",
            "resource_type": "enum_option"
          },
          {
            "gid": "1204456891952871",
            "color": "yellow",
            "enabled": true,
            "name": "Waiting",
            "resource_type": "enum_option"
          },
          {
            "gid": "1204456891952872",
            "color": "orange",
            "enabled": true,
            "name": "Deferred",
            "resource_type": "enum_option"
          },
          {
            "gid": "1204456891952873",
            "color": "blue-green",
            "enabled": true,
            "name": "Done",
            "resource_type": "enum_option"
          }
        ],
        "enum_value": null,
        "name": "Task Progress",
        "description": "Asana-created. Track the progress of each task.",
        "created_by": null,
        "display_value": null,
        "resource_subtype": "enum",
        "resource_type": "custom_field",
        "is_formula_field": false,
        "is_value_read_only": false,
        "type": "enum"
      }
    ],
    "name": "Deliverable 2",
    "projects": [
      {
        "gid": "1207647521384523",
        "resource_type": "project"
      }
    ],
    "first_activity_at": null
  },
  {
    "gid": "1207647925840510",
    "completed": false,
    "completed_at": null,
    "created_at": "2024-06-24T14:40:19.688Z",
    "custom_fields": [
      {
        "gid": "1204456891952868",
        "enabled": true,
        "enum_options": [
          {
            "gid": "1204456891952869",
            "color": "blue",
            "enabled": true,
            "name": "Not Started",
            "resource_type": "enum_option"
          },
          {
            "gid": "1204456891952870",
            "color": "cool-gray",
            "enabled": true,
            "name": "In Progress",
            "resource_type": "enum_option"
          },
          {
            "gid": "1204456891952871",
            "color": "yellow",
            "enabled": true,
            "name": "Waiting",
            "resource_type": "enum_option"
          },
          {
            "gid": "1204456891952872",
            "color": "orange",
            "enabled": true,
            "name": "Deferred",
            "resource_type": "enum_option"
          },
          {
            "gid": "1204456891952873",
            "color": "blue-green",
            "enabled": true,
            "name": "Done",
            "resource_type": "enum_option"
          }
        ],
        "enum_value": null,
        "name": "Task Progress",
        "description": "Asana-created. Track the progress of each task.",
        "created_by": null,
        "display_value": null,
        "resource_subtype": "enum",
        "resource_type": "custom_field",
        "is_formula_field": false,
        "is_value_read_only": false,
        "type": "enum"
      }
    ],
    "name": "Deliverable 3",
    "projects": [
      {
        "gid": "1207647521384523",
        "resource_type": "project"
      }
    ],
    "first_activity_at": null
  }
]