[
  {
    "gid": "1209573886956199",
    "completed": true,
    "completed_at": "2025-03-04T20:06:53.533Z",
    "created_at": "2025-03-04T20:06:00.484Z",
    "custom_fields": [
      {
        "gid": "1204456891952863",
        "enabled": true,
        "enum_options": [
          {
            "gid": "1204456891952864",
            "color": "red",
            "enabled": true,
            "name": "High",
            "resource_type": "enum_option"
          },
          {
            "gid": "1204456891952865",
            "color": "orange",
            "enabled": true,
            "name": "Medium",
            "resource_type": "enum_option"
          },
          {
            "gid": "1204456891952866",
            "color": "yellow-orange",
            "enabled": true,
            "name": "Low",
            "resource_type": "enum_option"
          }
        ],
        "enum_value": null,
        "name": "Priority",
        "description": "Asana-created. Track the priority of each task.",
        "created_by": null,
        "display_value": null,
        "resource_subtype": "enum",
        "resource_type": "custom_field",
        "is_formula_field": false,
        "is_value_read_only": false,
        "type": "enum"
      },
      {
        "gid": "1204456891952868",
        "enabled": true,
        "enum_options": [
          {
            "gid": "1204456891952869",
            "color": "blue",
            "enabled": true,
            "name": "Not Started",
            "resource_type": "enum_option"
          },
          {
            "gid": "1204456891952870",
            "color": "cool-gray",
            "enabled": true,
            "name": "In Progress",
            "resource_type": "enum_option"
          },
          {
            "gid": "1204456891952871",
            "color": "yellow",
            "enabled": true,
            "name": "Waiting",
            "resource_type": "enum_option"
          },
          {
            "gid": "1204456891952872",
            "color": "orange",
            "enabled": true,
            "name": "Deferred",
            "resource_type": "enum_option"
          },
          {
            "gid": "1204456891952873",
            "color": "blue-green",
            "enabled": true,
            "name": "Done",
            "resource_type": "enum_option"
          }
        ],
        "enum_value": {
          "gid": "1204456891952873",
          "color": "blue-green",
          "enabled": true,
          "name": "Done",
          "resource_type": "enum_option"
        },
        "name": "Task Progress",
        "description": "Asana-created. Track the progress of each task.",
        "created_by": null,
        "display_value": "Done",
        "resource_subtype": "enum",
        "resource_type": "custom_field",
        "is_formula_field": false,
        "is_value_read_only": false,
        "type": "enum"
      },
      {
        "gid": "1204571851534991",
        "enabled": true,
        "name": "Estimated time",
        "description": "Asana-created. Estimate time to complete a task.",
        "number_value": null,
        "precision": 0,
        "created_by": null,
        "display_value": null,
        "resource_subtype": "number",
        "resource_type": "custom_field",
        "is_formula_field": false,
        "is_value_read_only": false,
        "type": "number"
      },
      {
        "gid": "1211017143381397",
        "enabled": true,
        "name": "Client name",
        "description": "",
        "created_by": {
          "gid": "1210999865882085",
          "name": "Samantha Radford",
          "resource_type": "user"
        },
        "display_value": null,
        "resource_subtype": "text",
        "resource_type": "custom_field",
        "text_value": null,
        "is_formula_field": false,
        "is_value_read_only": false,
        "type": "text"
      },
      {
        "gid": "1211016802562863",
        "enabled": true,
        "name": "Client email",
        "description": "",
        "created_by": {
          "gid": "1210999865882085",
          "name": "Samantha Radford",
          "resource_type": "user"
        },
        "display_value": null,
        "resource_subtype": "text",
        "resource_type": "custom_field",
        "text_value": null,
        "is_formula_field": false,
        "is_value_read_only": false,
        "type": "text"
      }
    ],
    "name": "Onboarding Meeting",
    "projects": [
      {
        "gid": "1209571220337215",
        "resource_type": "project"
      }
    ],
    "first_activity_at": "2025-03-04T20:06:51.780Z"
  },
  {
    "gid": "1209573886956208",
    "completed": false,
    "completed_at": null,
    "created_at": "2025-03-04T20:06:00.973Z",
    "custom_fields": [
      {
        "gid": "1204456891952863",
        "enabled": true,
        "enum_options": [
          {
            "gid": "1204456891952864",
            "color": "red",
            "enabled": true,
            "name": "High",
            "resource_type": "enum_option"
          },
          {
            "gid": "1204456891952865",
            "color": "orange",
            "enabled": true,
            "name": "Medium",
            "resource_type": "enum_option"
          },
          {
            "gid": "1204456891952866",
            "color": "yellow-orange",
            "enabled": true,
            "name": "Low",
            "resource_type": "enum_option"
          }
        ],
        "enum_value": null,
        "name": "Priority",
        "description": "Asana-created. Track the priority of each task.",
        "created_by": null,
        "display_value": null,
        "resource_subtype": "enum",
        "resource_type": "custom_field",
        "is_formula_field": false,
        "is_value_read_only": false,
        "type": "enum"
      },
      {
        "gid": "1204456891952868",
        "enabled": true,
        "enum_options": [
          {
            "gid": "1204456891952869",
            "color": "blue",
            "enabled": true,
            "name": "Not Started",
            "resource_type": "enum_option"
          },
          {
            "gid": "1204456891952870",
            "color": "cool-gray",
            "enabled": true,
            "name": "In Progress",
            "resource_type": "enum_option"
          },
          {
            "gid": "1204456891952871",
            "color": "yellow",
            "enabled": true,
            "name": "Waiting",
            "resource_type": "enum_option"
          },
          {
            "gid": "1204456891952872",
            "color": "orange",
            "enabled": true,
            "name": "Deferred",
            "resource_type": "enum_option"
          },
          {
            "gid": "1204456891952873",
            "color": "blue-green",
            "enabled": true,
            "name": "Done",
            "resource_type": "enum_option"
          }
        ],
        "enum_value": {
          "gid": "1204456891952871",
          "color": "yellow",
          "enabled": true,
          "name": "Waiting",
          "resource_type": "enum_option"
        },
        "name": "Task Progress",
        "description": "Asana-created. Track the progress of each task.",
        "created_by": null,
        "display_value": "Waiting",
        "resource_subtype": "enum",
        "resource_type": "custom_field",
        "is_formula_field": false,
        "is_value_read_only": false,
        "type": "enum"
      },
      {
        "gid": "1204571851534991",
        "enabled": true,
        "name": "Estimated time",
        "description": "Asana-created. Estimate time to complete a task.",
        "number_value": null,
        "precision": 0,
        "created_by": null,
        "display_value": null,
        "resource_subtype": "number",
        "resource_type": "custom_field",
        "is_formula_field": false,
        "is_value_read_only": false,
        "type": "number"
      },
      {
        "gid": "1211017143381397",
        "enabled": true,
        "name": "Client name",
        "description": "",
        "created_by": {
          "gid": "1210999865882085",
          "name": "Samantha Radford",
          "resource_type": "user"
        },
        "display_value": null,
        "resource_subtype": "text",
        "resource_type": "custom_field",
        "text_value": null,
        "is_formula_field": false,
        "is_value_read_only": false,
        "type": "text"
      },
      {
        "gid": "1211016802562863",
        "enabled": true,
        "name": "Client email",
        "description": "",
        "created_by": {
          "gid": "1210999865882085",
          "name": "Samantha Radford",
          "resource_type": "user"
        },
        "display_value": null,
        "resource_subtype": "text",
        "resource_type": "custom_field",
        "text_value": null,
        "is_formula_field": false,
        "is_value_read_only": false,
        "type": "text"
      }
    ],
    "name": "Assets",
    "projects": [
      {
        "gid": "1209571220337215",
        "resource_type": "project"
      }
    ],
    "first_activity_at": null
  },
  {
    "gid": "1209573887024663",
    "completed": false,
    "completed_at": null,
    "created_at": "2025-03-04T20:06:01.733Z",
    "custom_fields": [
      {
        "gid": "1204456891952863",
        "enabled": true,
        "enum_options": [
          {
            "gid": "1204456891952864",
            "color": "red",
            "enabled": true,
            "name": "High",
            "resource_type": "enum_option"
          },
          {
            "gid": "1204456891952865",
            "color": "orange",
            "enabled": true,
            "name": "Medium",
            "resource_type": "enum_option"
          },
          {
            "gid": "1204456891952866",
            "color": "yellow-orange",
            "enabled": true,
            "name": "Low",
            "resource_type": "enum_option"
          }
        ],
        "enum_value": null,
        "name": "Priority",
        "description": "Asana-created. Track the priority of each task.",
        "created_by": null,
        "display_value": null,
        "resource_subtype": "enum",
        "resource_type": "custom_field",
        "is_formula_field": false,
        "is_value_read_only": false,
        "type": "enum"
      },
      {
        "gid": "1204456891952868",
        "enabled": true,
        "enum_options": [
          {
            "gid": "1204456891952869",
            "color": "blue",
            "enabled": true,
            "name": "Not Started",
            "resource_type": "enum_option"
          },
          {
            "gid": "1204456891952870",
            "color": "cool-gray",
            "enabled": true,
            "name": "In Progress",
            "resource_type": "enum_option"
          },
          {
            "gid": "1204456891952871",
            "color": "yellow",
            "enabled": true,
            "name": "Waiting",
            "resource_type": "enum_option"
          },
          {
            "gid": "1204456891952872",
            "color": "orange",
            "enabled": true,
            "name": "Deferred",
            "resource_type": "enum_option"
          },
          {
            "gid": "1204456891952873",
            "color": "blue-green",
            "enabled": true,
            "name": "Done",
            "resource_type": "enum_option"
          }
        ],
        "enum_value": {
          "gid": "1204456891952870",
          "color": "cool-gray",
          "enabled": true,
          "name": "In Progress",
          "resource_type": "enum_option"
        },
        "name": "Task Progress",
        "description": "Asana-created. Track the progress of each task.",
        "created_by": null,
        "display_value": "In Progress",
        "resource_subtype": "enum",
        "resource_type": "custom_field",
        "is_formula_field": false,
        "is_value_read_only": false,
        "type": "enum"
      },
      {
        "gid": "1204571851534991",
        "enabled": true,
        "name": "Estimated time",
        "description": "Asana-created. Estimate time to complete a task.",
        "number_value": null,
        "precision": 0,
        "created_by": null,
        "display_value": null,
        "resource_subtype": "number",
        "resource_type": "custom_field",
        "is_formula_field": false,
        "is_value_read_only": false,
        "type": "number"
      },
      {
        "gid": "1211017143381397",
        "enabled": true,
        "name": "Client name",
        "description": "",
        "created_by": {
          "gid": "1210999865882085",
          "name": "Samantha Radford",
          "resource_type": "user"
        },
        "display_value": null,
        "resource_subtype": "text",
        "resource_type": "custom_field",
        "text_value": null,
        "is_formula_field": false,
        "is_value_read_only": false,
        "type": "text"
      },
      {
        "gid": "1211016802562863",
        "enabled": true,
        "name": "Client email",
        "description": "",
        "created_by": {
          "gid": "1210999865882085",
          "name": "Samantha Radford",
          "resource_type": "user"
        },
        "display_value": null,
        "resource_subtype": "text",
        "resource_type": "custom_field",
        "text_value": null,
        "is_formula_field": false,
        "is_value_read_only": false,
        "type": "text"
      }
    ],
    "name": "Creative Brief",
    "projects": [
      {
        "gid": "1209571220337215",
        "resource_type": "project"
      }
    ],
    "first_activity_at": "2025-03-04T20:07:02.571Z"
  },
  {
    "gid": "1209573887024654",
    "completed": false,
    "completed_at": null,
    "created_at": "2025-03-04T20:06:01.362Z",
    "custom_fields": [
      {
        "gid": "1204456891952863",
        "enabled": true,
        "enum_options": [
          {
            "gid": "1204456891952864",
            "color": "red",
            "enabled": true,
            "name": "High",
            "resource_type": "enum_option"
          },
          {
            "gid": "1204456891952865",
            "color": "orange",
            "enabled": true,
            "name": "Medium",
            "resource_type": "enum_option"
          },
          {
            "gid": "1204456891952866",
            "color": "yellow-orange",
            "enabled": true,
            "name": "Low",
            "resource_type": "enum_option"
          }
        ],
        "enum_value": null,
        "name": "Priority",
        "description": "Asana-created. Track the priority of each task.",
        "created_by": null,
        "display_value": null,
        "resource_subtype": "enum",
        "resource_type": "custom_field",
        "is_formula_field": false,
        "is_value_read_only": false,
        "type": "enum"
      },
      {
        "gid": "1204456891952868",
        "enabled": true,
        "enum_options": [
          {
            "gid": "1204456891952869",
            "color": "blue",
            "enabled": true,
            "name": "Not Started",
            "resource_type": "enum_option"
          },
          {
            "gid": "1204456891952870",
            "color": "cool-gray",
            "enabled": true,
            "name": "In Progress",
            "resource_type": "enum_option"
          },
          {
            "gid": "1204456891952871",
            "color": "yellow",
            "enabled": true,
            "name": "Waiting",
            "resource_type": "enum_option"
          },
          {
            "gid": "1204456891952872",
            "color": "orange",
            "enabled": true,
            "name": "Deferred",
            "resource_type": "enum_option"
          },
          {
            "gid": "1204456891952873",
            "color": "blue-green",
            "enabled": true,
            "name": "Done",
            "resource_type": "enum_option"
          }
        ],
        "enum_value": {
          "gid": "1204456891952869",
          "color": "blue",
          "enabled": true,
          "name": "Not Started",
          "resource_type": "enum_option"
        },
        "name": "Task Progress",
        "description": "Asana-created. Track the progress of each task.",
        "created_by": null,
        "display_value": "Not Started",
        "resource_subtype": "enum",
        "resource_type": "custom_field",
        "is_formula_field": false,
        "is_value_read_only": false,
        "type": "enum"
      },
      {
        "gid": "1204571851534991",
        "enabled": true,
        "name": "Estimated time",
        "description": "Asana-created. Estimate time to complete a task.",
        "number_value": null,
        "precision": 0,
        "created_by": null,
        "display_value": null,
        "resource_subtype": "number",
        "resource_type": "custom_field",
        "is_formula_field": false,
        "is_value_read_only": false,
        "type": "number"
      },
      {
        "gid": "1211017143381397",
        "enabled": true,
        "name": "Client name",
        "description": "",
        "created_by": {
          "gid": "1210999865882085",
          "name": "Samantha Radford",
          "resource_type": "user"
        },
        "display_value": null,
        "resource_subtype": "text",
        "resource_type": "custom_field",
        "text_value": null,
        "is_formula_field": false,
        "is_value_read_only": false,
        "type": "text"
      },
      {
        "gid": "1211016802562863",
        "enabled": true,
        "name": "Client email",
        "description": "",
        "created_by": {
          "gid": "1210999865882085",
          "name": "Samantha Radford",
          "resource_type": "user"
        },
        "display_value": null,
        "resource_subtype": "text",
        "resource_type": "custom_field",
        "text_value": null,
        "is_formula_field": false,
        "is_value_read_only": false,
        "type": "text"
      }
    ],
    "name": "Written Content",
    "projects": [
      {
        "gid": "1209571220337215",
        "resource_type": "project"
      }
    ],
    "first_activity_at": "2025-04-28T19:16:51.646Z"
  },
  {
    "gid": "1209573887024672",
    "completed": false,
    "completed_at": null,
    "created_at": "2025-03-04T20:06:02.113Z",
    "custom_fields": [
      {
        "gid": "1204456891952863",
        "enabled": true,
        "enum_options": [
          {
            "gid": "1204456891952864",
            "color": "red",
            "enabled": true,
            "name": "High",
            "resource_type": "enum_option"
          },
          {
            "gid": "1204456891952865",
            "color": "orange",
            "enabled": true,
            "name": "Medium",
            "resource_type": "enum_option"
          },
          {
            "gid": "1204456891952866",
            "color": "yellow-orange",
            "enabled": true,
            "name": "Low",
            "resource_type": "enum_option"
          }
        ],
        "enum_value": null,
        "name": "Priority",
        "description": "Asana-created. Track the priority of each task.",
        "created_by": null,
        "display_value": null,
        "resource_subtype": "enum",
        "resource_type": "custom_field",
        "is_formula_field": false,
        "is_value_read_only": false,
        "type": "enum"
      },
      {
        "gid": "1204456891952868",
        "enabled": true,
        "enum_options": [
          {
            "gid": "1204456891952869",
            "color": "blue",
            "enabled": true,
            "name": "Not Started",
            "resource_type": "enum_option"
          },
          {
            "gid": "1204456891952870",
            "color": "cool-gray",
            "enabled": true,
            "name": "In Progress",
            "resource_type": "enum_option"
          },
          {
            "gid": "1204456891952871",
            "color": "yellow",
            "enabled": true,
            "name": "Waiting",
            "resource_type": "enum_option"
          },
          {
            "gid": "1204456891952872",
            "color": "orange",
            "enabled": true,
            "name": "Deferred",
            "resource_type": "enum_option"
          },
          {
            "gid": "1204456891952873",
            "color": "blue-green",
            "enabled": true,
            "name": "Done",
            "resource_type": "enum_option"
          }
        ],
        "enum_value": null,
        "name": "Task Progress",
        "description": "Asana-created. Track the progress of each task.",
        "created_by": null,
        "display_value": null,
        "resource_subtype": "enum",
        "resource_type": "custom_field",
        "is_formula_field": false,
        "is_value_read_only": false,
        "type": "enum"
      },
      {
        "gid": "1204571851534991",
        "enabled": true,
        "name": "Estimated time",
        "description": "Asana-created. Estimate time to complete a task.",
        "number_value": null,
        "precision": 0,
        "created_by": null,
        "display_value": null,
        "resource_subtype": "number",
        "resource_type": "custom_field",
        "is_formula_field": false,
        "is_value_read_only": false,
        "type": "number"
      },
      {
        "gid": "1211017143381397",
        "enabled": true,
        "name": "Client name",
        "description": "",
        "created_by": {
          "gid": "1210999865882085",
          "name": "Samantha Radford",
          "resource_type": "user"
        },
        "display_value": null,
        "resource_subtype": "text",
        "resource_type": "custom_field",
        "text_value": null,
        "is_formula_field": false,
        "is_value_read_only": false,
        "type": "text"
      },
      {
        "gid": "1211016802562863",
        "enabled": true,
        "name": "Client email",
        "description": "",
        "created_by": {
          "gid": "1210999865882085",
          "name": "Samantha Radford",
          "resource_type": "user"
        },
        "display_value": null,
        "resource_subtype": "text",
        "resource_type": "custom_field",
        "text_value": null,
        "is_formula_field": false,
        "is_value_read_only": false,
        "type": "text"
      }
    ],
    "name": "Design Mockup",
    "projects": [
      {
        "gid": "1209571220337215",
        "resource_type": "project"
      }
    ],
    "first_activity_at": null
  },
  {
    "gid": "1209574013441276",
    "completed": false,
    "completed_at": null,
    "created_at": "2025-03-04T20:06:11.930Z",
    "custom_fields": [
      {
        "gid": "1204456891952863",
        "enabled": true,
        "enum_options": [
          {
            "gid": "1204456891952864",
            "color": "red",
            "enabled": true,
            "name": "High",
            "resource_type": "enum_option"
          },
          {
            "gid": "1204456891952865",
            "color": "orange",
            "enabled": true,
            "name": "Medium",
            "resource_type": "enum_option"
          },
          {
            "gid": "1204456891952866",
            "color": "yellow-orange",
            "enabled": true,
            "name": "Low",
            "resource_type": "enum_option"
          }
        ],
        "enum_value": null,
        "name": "Priority",
        "description": "Asana-created. Track the priority of each task.",
        "created_by": null,
        "display_value": null,
        "resource_subtype": "enum",
        "resource_type": "custom_field",
        "is_formula_field": false,
        "is_value_read_only": false,
        "type": "enum"
      },
      {
        "gid": "1204456891952868",
        "enabled": true,
        "enum_options": [
          {
            "gid": "1204456891952869",
            "color": "blue",
            "enabled": true,
            "name": "Not Started",
            "resource_type": "enum_option"
          },
          {
            "gid": "1204456891952870",
            "color": "cool-gray",
            "enabled": true,
            "name": "In Progress",
            "resource_type": "enum_option"
          },
          {
            "gid": "1204456891952871",
            "color": "yellow",
            "enabled": true,
            "name": "Waiting",
            "resource_type": "enum_option"
          },
          {
            "gid": "1204456891952872",
            "color": "orange",
            "enabled": true,
            "name": "Deferred",
            "resource_type": "enum_option"
          },
          {
            "gid": "1204456891952873",
            "color": "blue-green",
            "enabled": true,
            "name": "Done",
            "resource_type": "enum_option"
          }
        ],
        "enum_value": null,
        "name": "Task Progress",
        "description": "Asana-created. Track the progress of each task.",
        "created_by": null,
        "display_value": null,
        "resource_subtype": "enum",
        "resource_type": "custom_field",
        "is_formula_field": false,
        "is_value_read_only": false,
        "type": "enum"
      },
      {
        "gid": "1204571851534991",
        "enabled": true,
        "name": "Estimated time",
        "description": "Asana-created. Estimate time to complete a task.",
        "number_value": null,
        "precision": 0,
        "created_by": null,
        "display_value": null,
        "resource_subtype": "number",
        "resource_type": "custom_field",
        "is_formula_field": false,
        "is_value_read_only": false,
        "type": "number"
      },
      {
        "gid": "1211017143381397",
        "enabled": true,
        "name": "Client name",
        "description": "",
        "created_by": {
          "gid": "1210999865882085",
          "name": "Samantha Radford",
          "resource_type": "user"
        },
        "display_value": null,
        "resource_subtype": "text",
        "resource_type": "custom_field",
        "text_value": null,
        "is_formula_field": false,
        "is_value_read_only": false,
        "type": "text"
      },
      {
        "gid": "1211016802562863",
        "enabled": true,
        "name": "Client email",
        "description": "",
        "created_by": {
          "gid": "1210999865882085",
          "name": "Samantha Radford",
          "resource_type": "user"
        },
        "display_value": null,
        "resource_subtype": "text",
        "resource_type": "custom_field",
        "text_value": null,
        "is_formula_field": false,
        "is_value_read_only": false,
        "type": "text"
      }
    ],
    "name": "Mobile Mockup",
    "projects": [
      {
        "gid": "1209571220337215",
        "resource_type": "project"
      }
    ],
    "first_activity_at": null
  },
  {
    "gid": "1209573887068636",
    "completed": false,
    "completed_at": null,
    "created_at": "2025-03-04T20:06:03.870Z",
    "custom_fields": [
      {
        "gid": "1204456891952863",
        "enabled": true,
        "enum_options": [
          {
            "gid": "1204456891952864",
            "color": "red",
            "enabled": true,
            "name": "High",
            "resource_type": "enum_option"
          },
          {
            "gid": "1204456891952865",
            "color": "orange",
            "enabled": true,
            "name": "Medium",
            "resource_type": "enum_option"
          },
          {
            "gid": "1204456891952866",
            "color": "yellow-orange",
            "enabled": true,
            "name": "Low",
            "resource_type": "enum_option"
          }
        ],
        "enum_value": null,
        "name": "Priority",
        "description": "Asana-created. Track the priority of each task.",
        "created_by": null,
        "display_value": null,
        "resource_subtype": "enum",
        "resource_type": "custom_field",
        "is_formula_field": false,
        "is_value_read_only": false,
        "type": "enum"
      },
      {
        "gid": "1204456891952868",
        "enabled": true,
        "enum_options": [
          {
            "gid": "1204456891952869",
            "color": "blue",
            "enabled": true,
            "name": "Not Started",
            "resource_type": "enum_option"
          },
          {
            "gid": "1204456891952870",
            "color": "cool-gray",
            "enabled": true,
            "name": "In Progress",
            "resource_type": "enum_option"
          },
          {
            "gid": "1204456891952871",
            "color": "yellow",
            "enabled": true,
            "name": "Waiting",
            "resource_type": "enum_option"
          },
          {
            "gid": "1204456891952872",
            "color": "orange",
            "enabled": true,
            "name": "Deferred",
            "resource_type": "enum_option"
          },
          {
            "gid": "1204456891952873",
            "color": "blue-green",
            "enabled": true,
            "name": "Done",
            "resource_type": "enum_option"
          }
        ],
        "enum_value": null,
        "name": "Task Progress",
        "description": "Asana-created. Track the progress of each task.",
        "created_by": null,
        "display_value": null,
        "resource_subtype": "enum",
        "resource_type": "custom_field",
        "is_formula_field": false,
        "is_value_read_only": false,
        "type": "enum"
      },
      {
        "gid": "1204571851534991",
        "enabled": true,
        "name": "Estimated time",
        "description": "Asana-created. Estimate time to complete a task.",
        "number_value": null,
        "precision": 0,
        "created_by": null,
        "display_value": null,
        "resource_subtype": "number",
        "resource_type": "custom_field",
        "is_formula_field": false,
        "is_value_read_only": false,
        "type": "number"
      },
      {
        "gid": "1211017143381397",
        "enabled": true,
        "name": "Client name",
        "description": "",
        "created_by": {
          "gid": "1210999865882085",
          "name": "Samantha Radford",
          "resource_type": "user"
        },
        "display_value": null,
        "resource_subtype": "text",
        "resource_type": "custom_field",
        "text_value": null,
        "is_formula_field": false,
        "is_value_read_only": false,
        "type": "text"
      },
      {
        "gid": "1211016802562863",
        "enabled": true,
        "name": "Client email",
        "description": "",
        "created_by": {
          "gid": "1210999865882085",
          "name": "Samantha Radford",
          "resource_type": "user"
        },
        "display_value": null,
        "resource_subtype": "text",
        "resource_type": "custom_field",
        "text_value": null,
        "is_formula_field": false,
        "is_value_read_only": false,
        "type": "text"
      }
    ],
    "name": "Mockup Internal Review",
    "projects": [
      {
        "gid": "1209571220337215",
        "resource_type": "project"
      }
    ],
    "first_activity_at": null
  },
  {
    "gid": "1209573887150369",
    "completed": false,
    "completed_at": null,
    "created_at": "2025-03-04T20:06:04.154Z",
    "custom_fields": [
      {
        "gid": "1204456891952863",
        "enabled": true,
        "enum_options": [
          {
            "gid": "1204456891952864",
            "color": "red",
            "enabled": true,
            "name": "High",
            "resource_type": "enum_option"
          },
          {
            "gid": "1204456891952865",
            "color": "orange",
            "enabled": true,
            "name": "Medium",
            "resource_type": "enum_option"
          },
          {
            "gid": "1204456891952866",
            "color": "yellow-orange",
            "enabled": true,
            "name": "Low",
            "resource_type": "enum_option"
          }
        ],
        "enum_value": null,
        "name": "Priority",
        "description": "Asana-created. Track the priority of each task.",
        "created_by": null,
        "display_value": null,
        "resource_subtype": "enum",
        "resource_type": "custom_field",
        "is_formula_field": false,
        "is_value_read_only": false,
        "type": "enum"
      },
      {
        "gid": "1204456891952868",
        "enabled": true,
        "enum_options": [
          {
            "gid": "1204456891952869",
            "color": "blue",
            "enabled": true,
            "name": "Not Started",
            "resource_type": "enum_option"
          },
          {
            "gid": "1204456891952870",
            "color": "cool-gray",
            "enabled": true,
            "name": "In Progress",
            "resource_type": "enum_option"
          },
          {
            "gid": "1204456891952871",
            "color": "yellow",
            "enabled": true,
            "name": "Waiting",
            "resource_type": "enum_option"
          },
          {
            "gid": "1204456891952872",
            "color": "orange",
            "enabled": true,
            "name": "Deferred",
            "resource_type": "enum_option"
          },
          {
            "gid": "1204456891952873",
            "color": "blue-green",
            "enabled": true,
            "name": "Done",
            "resource_type": "enum_option"
          }
        ],
        "enum_value": null,
        "name": "Task Progress",
        "description": "Asana-created. Track the progress of each task.",
        "created_by": null,
        "display_value": null,
        "resource_subtype": "enum",
        "resource_type": "custom_field",
        "is_formula_field": false,
        "is_value_read_only": false,
        "type": "enum"
      },
      {
        "gid": "1204571851534991",
        "enabled": true,
        "name": "Estimated time",
        "description": "Asana-created. Estimate time to complete a task.",
        "number_value": null,
        "precision": 0,
        "created_by": null,
        "display_value": null,
        "resource_subtype": "number",
        "resource_type": "custom_field",
        "is_formula_field": false,
        "is_value_read_only": false,
        "type": "number"
      },
      {
        "gid": "1211017143381397",
        "enabled": true,
        "name": "Client name",
        "description": "",
        "created_by": {
          "gid": "1210999865882085",
          "name": "Samantha Radford",
          "resource_type": "user"
        },
        "display_value": null,
        "resource_subtype": "text",
        "resource_type": "custom_field",
        "text_value": null,
        "is_formula_field": false,
        "is_value_read_only": false,
        "type": "text"
      },
      {
        "gid": "1211016802562863",
        "enabled": true,
        "name": "Client email",
        "description": "",
        "created_by": {
          "gid": "1210999865882085",
          "name": "Samantha Radford",
          "resource_type": "user"
        },
        "display_value": null,
        "resource_subtype": "text",
        "resource_type": "custom_field",
        "text_value": null,
        "is_formula_field": false,
        "is_value_read_only": false,
        "type": "text"
      }
    ],
    "name": "Mockup Client Revisions",
    "projects": [
      {
        "gid": "1209571220337215",
        "resource_type": "project"
      }
    ],
    "first_activity_at": null
  },
  {
    "gid": "1209574013441268",
    "completed": false,
    "completed_at": null,
    "created_at": "2025-03-04T20:06:11.626Z",
    "custom_fields": [
      {
        "gid": "1204456891952863",
        "enabled": true,
        "enum_options": [
          {
            "gid": "1204456891952864",
            "color": "red",
            "enabled": true,
            "name": "High",
            "resource_type": "enum_option"
          },
          {
            "gid": "1204456891952865",
            "color": "orange",
            "enabled": true,
            "name": "Medium",
            "resource_type": "enum_option"
          },
          {
            "gid": "1204456891952866",
            "color": "yellow-orange",
            "enabled": true,
            "name": "Low",
            "resource_type": "enum_option"
          }
        ],
        "enum_value": null,
        "name": "Priority",
        "description": "Asana-created. Track the priority of each task.",
        "created_by": null,
        "display_value": null,
        "resource_subtype": "enum",
        "resource_type": "custom_field",
        "is_formula_field": false,
        "is_value_read_only": false,
        "type": "enum"
      },
      {
        "gid": "1204456891952868",
        "enabled": true,
        "enum_options": [
          {
            "gid": "1204456891952869",
            "color": "blue",
            "enabled": true,
            "name": "Not Started",
            "resource_type": "enum_option"
          },
          {
            "gid": "1204456891952870",
            "color": "cool-gray",
            "enabled": true,
            "name": "In Progress",
            "resource_type": "enum_option"
          },
          {
            "gid": "1204456891952871",
            "color": "yellow",
            "enabled": true,
            "name": "Waiting",
            "resource_type": "enum_option"
          },
          {
            "gid": "1204456891952872",
            "color": "orange",
            "enabled": true,
            "name": "Deferred",
            "resource_type": "enum_option"
          },
          {
            "gid": "1204456891952873",
            "color": "blue-green",
            "enabled": true,
            "name": "Done",
            "resource_type": "enum_option"
          }
        ],
        "enum_value": null,
        "name": "Task Progress",
        "description": "Asana-created. Track the progress of each task.",
        "created_by": null,
        "display_value": null,
        "resource_subtype": "enum",
        "resource_type": "custom_field",
        "is_formula_field": false,
        "is_value_read_only": false,
        "type": "enum"
      },
      {
        "gid": "1204571851534991",
        "enabled": true,
        "name": "Estimated time",
        "description": "Asana-created. Estimate time to complete a task.",
        "number_value": null,
        "precision": 0,
        "created_by": null,
        "display_value": null,
        "resource_subtype": "number",
        "resource_type": "custom_field",
        "is_formula_field": false,
        "is_value_read_only": false,
        "type": "number"
      },
      {
        "gid": "1211017143381397",
        "enabled": true,
        "name": "Client name",
        "description": "",
        "created_by": {
          "gid": "1210999865882085",
          "name": "Samantha Radford",
          "resource_type": "user"
        },
        "display_value": null,
        "resource_subtype": "text",
        "resource_type": "custom_field",
        "text_value": null,
        "is_formula_field": false,
        "is_value_read_only": false,
        "type": "text"
      },
      {
        "gid": "1211016802562863",
        "enabled": true,
        "name": "Client email",
        "description": "",
        "created_by": {
          "gid": "1210999865882085",
          "name": "Samantha Radford",
          "resource_type": "user"
        },
        "display_value": null,
        "resource_subtype": "text",
        "resource_type": "custom_field",
        "text_value": null,
        "is_formula_field": false,
        "is_value_read_only": false,
        "type": "text"
      }
    ],
    "name": "Gather Photos and Assets into Google Folder",
    "projects": [
      {
        "gid": "1209571220337215",
        "resource_type": "project"
      }
    ],
    "first_activity_at": null
  },
  {
    "gid": "1209573887150377",
    "completed": false,
    "completed_at": null,
    "created_at": "2025-03-04T20:06:04.428Z",
    "custom_fields": [
      {
        "gid": "1204456891952863",
        "enabled": true,
        "enum_options": [
          {
            "gid": "1204456891952864",
            "color": "red",
            "enabled": true,
            "name": "High",
            "resource_type": "enum_option"
          },
          {
            "gid": "1204456891952865",
            "color": "orange",
            "enabled": true,
            "name": "Medium",
            "resource_type": "enum_option"
          },
          {
            "gid": "1204456891952866",
            "color": "yellow-orange",
            "enabled": true,
            "name": "Low",
            "resource_type": "enum_option"
          }
        ],
        "enum_value": null,
        "name": "Priority",
        "description": "Asana-created. Track the priority of each task.",
        "created_by": null,
        "display_value": null,
        "resource_subtype": "enum",
        "resource_type": "custom_field",
        "is_formula_field": false,
        "is_value_read_only": false,
        "type": "enum"
      },
      {
        "gid": "1204456891952868",
        "enabled": true,
        "enum_options": [
          {
            "gid": "1204456891952869",
            "color": "blue",
            "enabled": true,
            "name": "Not Started",
            "resource_type": "enum_option"
          },
          {
            "gid": "1204456891952870",
            "color": "cool-gray",
            "enabled": true,
            "name": "In Progress",
            "resource_type": "enum_option"
          },
          {
            "gid": "1204456891952871",
            "color": "yellow",
            "enabled": true,
            "name": "Waiting",
            "resource_type": "enum_option"
          },
          {
            "gid": "1204456891952872",
            "color": "orange",
            "enabled": true,
            "name": "Deferred",
            "resource_type": "enum_option"
          },
          {
            "gid": "1204456891952873",
            "color": "blue-green",
            "enabled": true,
            "name": "Done",
            "resource_type": "enum_option"
          }
        ],
        "enum_value": null,
        "name": "Task Progress",
        "description": "Asana-created. Track the progress of each task.",
        "created_by": null,
        "display_value": null,
        "resource_subtype": "enum",
        "resource_type": "custom_field",
        "is_formula_field": false,
        "is_value_read_only": false,
        "type": "enum"
      },
      {
        "gid": "1204571851534991",
        "enabled": true,
        "name": "Estimated time",
        "description": "Asana-created. Estimate time to complete a task.",
        "number_value": null,
        "precision": 0,
        "created_by": null,
        "display_value": null,
        "resource_subtype": "number",
        "resource_type": "custom_field",
        "is_formula_field": false,
        "is_value_read_only": false,
        "type": "number"
      },
      {
        "gid": "1211017143381397",
        "enabled": true,
        "name": "Client name",
        "description": "",
        "created_by": {
          "gid": "1210999865882085",
          "name": "Samantha Radford",
          "resource_type": "user"
        },
        "display_value": null,
        "resource_subtype": "text",
        "resource_type": "custom_field",
        "text_value": null,
        "is_formula_field": false,
        "is_value_read_only": false,
        "type": "text"
      },
      {
        "gid": "1211016802562863",
        "enabled": true,
        "name": "Client email",
        "description": "",
        "created_by": {
          "gid": "1210999865882085",
          "name": "Samantha Radford",
          "resource_type": "user"
        },
        "display_value": null,
        "resource_subtype": "text",
        "resource_type": "custom_field",
        "text_value": null,
        "is_formula_field": false,
        "is_value_read_only": false,
        "type": "text"
      }
    ],
    "name": "Development",
    "projects": [
      {
        "gid": "1209571220337215",
        "resource_type": "project"
      }
    ],
    "first_activity_at": null
  },
  {
    "gid": "1211143102636103",
    "completed": false,
    "completed_at": null,
    "created_at": "2025-08-25T19:06:32.788Z",
    "custom_fields": [
      {
        "gid": "1204456891952863",
        "enabled": true,
        "enum_options": [
          {
            "gid": "1204456891952864",
            "color": "red",
            "enabled": true,
            "name": "High",
            "resource_type": "enum_option"
          },
          {
            "gid": "1204456891952865",
            "color": "orange",
            "enabled": true,
            "name": "Medium",
            "resource_type": "enum_option"
          },
          {
            "gid": "1204456891952866",
            "color": "yellow-orange",
            "enabled": true,
            "name": "Low",
            "resource_type": "enum_option"
          }
        ],
        "enum_value": null,
        "name": "Priority",
        "description": "Asana-created. Track the priority of each task.",
        "created_by": null,
        "display_value": null,
        "resource_subtype": "enum",
        "resource_type": "custom_field",
        "is_formula_field": false,
        "is_value_read_only": false,
        "type": "enum"
      },
      {
        "gid": "1204456891952868",
        "enabled": true,
        "enum_options": [
          {
            "gid": "1204456891952869",
            "color": "blue",
            "enabled": true,
            "name": "Not Started",
            "resource_type": "enum_option"
          },
          {
            "gid": "1204456891952870",
            "color": "cool-gray",
            "enabled": true,
            "name": "In Progress",
            "resource_type": "enum_option"
          },
          {
            "gid": "1204456891952871",
            "color": "yellow",
            "enabled": true,
            "name": "Waiting",
            "resource_type": "enum_option"
          },
          {
            "gid": "1204456891952872",
            "color": "orange",
            "enabled": true,
            "name": "Deferred",
            "resource_type": "enum_option"
          },
          {
            "gid": "1204456891952873",
            "color": "blue-green",
            "enabled": true,
            "name": "Done",
            "resource_type": "enum_option"
          }
        ],
        "enum_value": null,
        "name": "Task Progress",
        "description": "Asana-created. Track the progress of each task.",
        "created_by": null,
        "display_value": null,
        "resource_subtype": "enum",
        "resource_type": "custom_field",
        "is_formula_field": false,
        "is_value_read_only": false,
        "type": "enum"
      },
      {
        "gid": "1204571851534991",
        "enabled": true,
        "name": "Estimated time",
        "description": "Asana-created. Estimate time to complete a task.",
        "number_value": null,
        "precision": 0,
        "created_by": null,
        "display_value": null,
        "resource_subtype": "number",
        "resource_type": "custom_field",
        "is_formula_field": false,
        "is_value_read_only": false,
        "type": "number"
      },
      {
        "gid": "1211017143381397",
        "enabled": true,
        "name": "Client name",
        "description": "",
        "created_by": {
          "gid": "1210999865882085",
          "name": "Samantha Radford",
          "resource_type": "user"
        },
        "display_value": null,
        "resource_subtype": "text",
        "resource_type": "custom_field",
        "text_value": null,
        "is_formula_field": false,
        "is_value_read_only": false,
        "type": "text"
      },
      {
        "gid": "1211016802562863",
        "enabled": true,
        "name": "Client email",
        "description": "",
        "created_by": {
          "gid": "1210999865882085",
          "name": "Samantha Radford",
          "resource_type": "user"
        },
        "display_value": null,
        "resource_subtype": "text",
        "resource_type": "custom_field",
        "text_value": null,
        "is_formula_field": false,
        "is_value_read_only": false,
        "type": "text"
      }
    ],
    "name": "Homepage / Theme Review",
    "projects": [
      {
        "gid": "1209571220337215",
        "resource_type": "project"
      }
    ],
    "first_activity_at": "2025-08-25T19:07:23.310Z"
  },
  {
    "gid": "1209573887150385",
    "completed": false,
    "completed_at": null,
    "created_at": "2025-03-04T20:06:04.751Z",
    "custom_fields": [
      {
        "gid": "1204456891952863",
        "enabled": true,
        "enum_options": [
          {
            "gid": "1204456891952864",
            "color": "red",
            "enabled": true,
            "name": "High",
            "resource_type": "enum_option"
          },
          {
            "gid": "1204456891952865",
            "color": "orange",
            "enabled": true,
            "name": "Medium",
            "resource_type": "enum_option"
          },
          {
            "gid": "1204456891952866",
            "color": "yellow-orange",
            "enabled": true,
            "name": "Low",
            "resource_type": "enum_option"
          }
        ],
        "enum_value": null,
        "name": "Priority",
        "description": "Asana-created. Track the priority of each task.",
        "created_by": null,
        "display_value": null,
        "resource_subtype": "enum",
        "resource_type": "custom_field",
        "is_formula_field": false,
        "is_value_read_only": false,
        "type": "enum"
      },
      {
        "gid": "1204456891952868",
        "enabled": true,
        "enum_options": [
          {
            "gid": "1204456891952869",
            "color": "blue",
            "enabled": true,
            "name": "Not Started",
            "resource_type": "enum_option"
          },
          {
            "gid": "1204456891952870",
            "color": "cool-gray",
            "enabled": true,
            "name": "In Progress",
            "resource_type": "enum_option"
          },
          {
            "gid": "1204456891952871",
            "color": "yellow",
            "enabled": true,
            "name": "Waiting",
            "resource_type": "enum_option"
          },
          {
            "gid": "1204456891952872",
            "color": "orange",
            "enabled": true,
            "name": "Deferred",
            "resource_type": "enum_option"
          },
          {
            "gid": "1204456891952873",
            "color": "blue-green",
            "enabled": true,
            "name": "Done",
            "resource_type": "enum_option"
          }
        ],
        "enum_value": null,
        "name": "Task Progress",
        "description": "Asana-created. Track the progress of each task.",
        "created_by": null,
        "display_value": null,
        "resource_subtype": "enum",
        "resource_type": "custom_field",
        "is_formula_field": false,
        "is_value_read_only": false,
        "type": "enum"
      },
      {
        "gid": "1204571851534991",
        "enabled": true,
        "name": "Estimated time",
        "description": "Asana-created. Estimate time to complete a task.",
        "number_value": null,
        "precision": 0,
        "created_by": null,
        "display_value": null,
        "resource_subtype": "number",
        "resource_type": "custom_field",
        "is_formula_field": false,
        "is_value_read_only": false,
        "type": "number"
      },
      {
        "gid": "1211017143381397",
        "enabled": true,
        "name": "Client name",
        "description": "",
        "created_by": {
          "gid": "1210999865882085",
          "name": "Samantha Radford",
          "resource_type": "user"
        },
        "display_value": null,
        "resource_subtype": "text",
        "resource_type": "custom_field",
        "text_value": null,
        "is_formula_field": false,
        "is_value_read_only": false,
        "type": "text"
      },
      {
        "gid": "1211016802562863",
        "enabled": true,
        "name": "Client email",
        "description": "",
        "created_by": {
          "gid": "1210999865882085",
          "name": "Samantha Radford",
          "resource_type": "user"
        },
        "display_value": null,
        "resource_subtype": "text",
        "resource_type": "custom_field",
        "text_value": null,
        "is_formula_field": false,
        "is_value_read_only": false,
        "type": "text"
      }
    ],
    "name": "Development Internal Review",
    "projects": [
      {
        "gid": "1209571220337215",
        "resource_type": "project"
      }
    ],
    "first_activity_at": null
  },
  {
    "gid": "1209573887150393",
    "completed": false,
    "completed_at": null,
    "created_at": "2025-03-04T20:06:05.048Z",
    "custom_fields": [
      {
        "gid": "1204456891952863",
        "enabled": true,
        "enum_options": [
          {
            "gid": "1204456891952864",
            "color": "red",
            "enabled": true,
            "name": "High",
            "resource_type": "enum_option"
          },
          {
            "gid": "1204456891952865",
            "color": "orange",
            "enabled": true,
            "name": "Medium",
            "resource_type": "enum_option"
          },
          {
            "gid": "1204456891952866",
            "color": "yellow-orange",
            "enabled": true,
            "name": "Low",
            "resource_type": "enum_option"
          }
        ],
        "enum_value": null,
        "name": "Priority",
        "description": "Asana-created. Track the priority of each task.",
        "created_by": null,
        "display_value": null,
        "resource_subtype": "enum",
        "resource_type": "custom_field",
        "is_formula_field": false,
        "is_value_read_only": false,
        "type": "enum"
      },
      {
        "gid": "1204456891952868",
        "enabled": true,
        "enum_options": [
          {
            "gid": "1204456891952869",
            "color": "blue",
            "enabled": true,
            "name": "Not Started",
            "resource_type": "enum_option"
          },
          {
            "gid": "1204456891952870",
            "color": "cool-gray",
            "enabled": true,
            "name": "In Progress",
            "resource_type": "enum_option"
          },
          {
            "gid": "1204456891952871",
            "color": "yellow",
            "enabled": true,
            "name": "Waiting",
            "resource_type": "enum_option"
          },
          {
            "gid": "1204456891952872",
            "color": "orange",
            "enabled": true,
            "name": "Deferred",
            "resource_type": "enum_option"
          },
          {
            "gid": "1204456891952873",
            "color": "blue-green",
            "enabled": true,
            "name": "Done",
            "resource_type": "enum_option"
          }
        ],
        "enum_value": null,
        "name": "Task Progress",
        "description": "Asana-created. Track the progress of each task.",
        "created_by": null,
        "display_value": null,
        "resource_subtype": "enum",
        "resource_type": "custom_field",
        "is_formula_field": false,
        "is_value_read_only": false,
        "type": "enum"
      },
      {
        "gid": "1204571851534991",
        "enabled": true,
        "name": "Estimated time",
        "description": "Asana-created. Estimate time to complete a task.",
        "number_value": null,
        "precision": 0,
        "created_by": null,
        "display_value": null,
        "resource_subtype": "number",
        "resource_type": "custom_field",
        "is_formula_field": false,
        "is_value_read_only": false,
        "type": "number"
      },
      {
        "gid": "1211017143381397",
        "enabled": true,
        "name": "Client name",
        "description": "",
        "created_by": {
          "gid": "1210999865882085",
          "name": "Samantha Radford",
          "resource_type": "user"
        },
        "display_value": null,
        "resource_subtype": "text",
        "resource_type": "custom_field",
        "text_value": null,
        "is_formula_field": false,
        "is_value_read_only": false,
        "type": "text"
      },
      {
        "gid": "1211016802562863",
        "enabled": true,
        "name": "Client email",
        "description": "",
        "created_by": {
          "gid": "1210999865882085",
          "name": "Samantha Radford",
          "resource_type": "user"
        },
        "display_value": null,
        "resource_subtype": "text",
        "resource_type": "custom_field",
        "text_value": null,
        "is_formula_field": false,
        "is_value_read_only": false,
        "type": "text"
      }
    ],
    "name": "Development Client Revisions",
    "projects": [
      {
        "gid": "1209571220337215",
        "resource_type": "project"
      }
    ],
    "first_activity_at": null
  },
  {
    "gid": "1209574013362253",
    "completed": false,
    "completed_at": null,
    "created_at": "2025-03-04T20:06:10.854Z",
    "custom_fields": [
      {
        "gid": "1204456891952863",
        "enabled": true,
        "enum_options": [
          {
            "gid": "1204456891952864",
            "color": "red",
            "enabled": true,
            "name": "High",
            "resource_type": "enum_option"
          },
          {
            "gid": "1204456891952865",
            "color": "orange",
            "enabled": true,
            "name": "Medium",
            "resource_type": "enum_option"
          },
          {
            "gid": "1204456891952866",
            "color": "yellow-orange",
            "enabled": true,
            "name": "Low",
            "resource_type": "enum_option"
          }
        ],
        "enum_value": null,
        "name": "Priority",
        "description": "Asana-created. Track the priority of each task.",
        "created_by": null,
        "display_value": null,
        "resource_subtype": "enum",
        "resource_type": "custom_field",
        "is_formula_field": false,
        "is_value_read_only": false,
        "type": "enum"
      },
      {
        "gid": "1204456891952868",
        "enabled": true,
        "enum_options": [
          {
            "gid": "1204456891952869",
            "color": "blue",
            "enabled": true,
            "name": "Not Started",
            "resource_type": "enum_option"
          },
          {
            "gid": "1204456891952870",
            "color": "cool-gray",
            "enabled": true,
            "name": "In Progress",
            "resource_type": "enum_option"
          },
          {
            "gid": "1204456891952871",
            "color": "yellow",
            "enabled": true,
            "name": "Waiting",
            "resource_type": "enum_option"
          },
          {
            "gid": "1204456891952872",
            "color": "orange",
            "enabled": true,
            "name": "Deferred",
            "resource_type": "enum_option"
          },
          {
            "gid": "1204456891952873",
            "color": "blue-green",
            "enabled": true,
            "name": "Done",
            "resource_type": "enum_option"
          }
        ],
        "enum_value": null,
        "name": "Task Progress",
        "description": "Asana-created. Track the progress of each task.",
        "created_by": null,
        "display_value": null,
        "resource_subtype": "enum",
        "resource_type": "custom_field",
        "is_formula_field": false,
        "is_value_read_only": false,
        "type": "enum"
      },
      {
        "gid": "1204571851534991",
        "enabled": true,
        "name": "Estimated time",
        "description": "Asana-created. Estimate time to complete a task.",
        "number_value": null,
        "precision": 0,
        "created_by": null,
        "display_value": null,
        "resource_subtype": "number",
        "resource_type": "custom_field",
        "is_formula_field": false,
        "is_value_read_only": false,
        "type": "number"
      },
      {
        "gid": "1211017143381397",
        "enabled": true,
        "name": "Client name",
        "description": "",
        "created_by": {
          "gid": "1210999865882085",
          "name": "Samantha Radford",
          "resource_type": "user"
        },
        "display_value": null,
        "resource_subtype": "text",
        "resource_type": "custom_field",
        "text_value": null,
        "is_formula_field": false,
        "is_value_read_only": false,
        "type": "text"
      },
      {
        "gid": "1211016802562863",
        "enabled": true,
        "name": "Client email",
        "description": "",
        "created_by": {
          "gid": "1210999865882085",
          "name": "Samantha Radford",
          "resource_type": "user"
        },
        "display_value": null,
        "resource_subtype": "text",
        "resource_type": "custom_field",
        "text_value": null,
        "is_formula_field": false,
        "is_value_read_only": false,
        "type": "text"
      }
    ],
    "name": "Launch",
    "projects": [
      {
        "gid": "1209571220337215",
        "resource_type": "project"
      }
    ],
    "first_activity_at": null
  },
  {
    "gid": "1209574013362261",
    "completed": false,
    "completed_at": null,
    "created_at": "2025-03-04T20:06:11.273Z",
    "custom_fields": [
      {
        "gid": "1204456891952863",
        "enabled": true,
        "enum_options": [
          {
            "gid": "1204456891952864",
            "color": "red",
            "enabled": true,
            "name": "High",
            "resource_type": "enum_option"
          },
          {
            "gid": "1204456891952865",
            "color": "orange",
            "enabled": true,
            "name": "Medium",
            "resource_type": "enum_option"
          },
          {
            "gid": "1204456891952866",
            "color": "yellow-orange",
            "enabled": true,
            "name": "Low",
            "resource_type": "enum_option"
          }
        ],
        "enum_value": null,
        "name": "Priority",
        "description": "Asana-created. Track the priority of each task.",
        "created_by": null,
        "display_value": null,
        "resource_subtype": "enum",
        "resource_type": "custom_field",
        "is_formula_field": false,
        "is_value_read_only": false,
        "type": "enum"
      },
      {
        "gid": "1204456891952868",
        "enabled": true,
        "enum_options": [
          {
            "gid": "1204456891952869",
            "color": "blue",
            "enabled": true,
            "name": "Not Started",
            "resource_type": "enum_option"
          },
          {
            "gid": "1204456891952870",
            "color": "cool-gray",
            "enabled": true,
            "name": "In Progress",
            "resource_type": "enum_option"
          },
          {
            "gid": "1204456891952871",
            "color": "yellow",
            "enabled": true,
            "name": "Waiting",
            "resource_type": "enum_option"
          },
          {
            "gid": "1204456891952872",
            "color": "orange",
            "enabled": true,
            "name": "Deferred",
            "resource_type": "enum_option"
          },
          {
            "gid": "1204456891952873",
            "color": "blue-green",
            "enabled": true,
            "name": "Done",
            "resource_type": "enum_option"
          }
        ],
        "enum_value": null,
        "name": "Task Progress",
        "description": "Asana-created. Track the progress of each task.",
        "created_by": null,
        "display_value": null,
        "resource_subtype": "enum",
        "resource_type": "custom_field",
        "is_formula_field": false,
        "is_value_read_only": false,
        "type": "enum"
      },
      {
        "gid": "1204571851534991",
        "enabled": true,
        "name": "Estimated time",
        "description": "Asana-created. Estimate time to complete a task.",
        "number_value": null,
        "precision": 0,
        "created_by": null,
        "display_value": null,
        "resource_subtype": "number",
        "resource_type": "custom_field",
        "is_formula_field": false,
        "is_value_read_only": false,
        "type": "number"
      },
      {
        "gid": "1211017143381397",
        "enabled": true,
        "name": "Client name",
        "description": "",
        "created_by": {
          "gid": "1210999865882085",
          "name": "Samantha Radford",
          "resource_type": "user"
        },
        "display_value": null,
        "resource_subtype": "text",
        "resource_type": "custom_field",
        "text_value": null,
        "is_formula_field": false,
        "is_value_read_only": false,
        "type": "text"
      },
      {
        "gid": "1211016802562863",
        "enabled": true,
        "name": "Client email",
        "description": "",
        "created_by": {
          "gid": "1210999865882085",
          "name": "Samantha Radford",
          "resource_type": "user"
        },
        "display_value": null,
        "resource_subtype": "text",
        "resource_type": "custom_field",
        "text_value": null,
        "is_formula_field": false,
        "is_value_read_only": false,
        "type": "text"
      }
    ],
    "name": "Training Videos",
    "projects": [
      {
        "gid": "1209571220337215",
        "resource_type": "project"
      }
    ],
    "first_activity_at": null
  }
]