[
  {
    "gid": "1211879609887571",
    "completed": true,
    "completed_at": "2025-11-07T20:28:17.442Z",
    "created_at": "2025-11-07T16:17:13.541Z",
    "custom_fields": [],
    "name": "macandcheesefestky.com",
    "projects": [
      {
        "gid": "1211735121343962",
        "resource_type": "project"
      }
    ],
    "first_activity_at": "2025-11-07T16:17:20.901Z"
  },
  {
    "gid": "1211841054321665",
    "completed": false,
    "completed_at": null,
    "created_at": "2025-11-04T21:56:09.046Z",
    "custom_fields": [],
    "name": "7mmjohnstown.com",
    "projects": [
      {
        "gid": "1211735121343962",
        "resource_type": "project"
      }
    ],
    "first_activity_at": "2025-11-04T21:56:14.981Z"
  },
  {
    "gid": "1211882226955914",
    "completed": true,
    "completed_at": "2025-11-07T20:02:39.205Z",
    "created_at": "2025-11-07T19:59:07.776Z",
    "custom_fields": [],
    "name": "7mmnorthwestpa.com",
    "projects": [
      {
        "gid": "1211735121343962",
        "resource_type": "project"
      }
    ],
    "first_activity_at": "2025-11-07T19:59:21.835Z"
  },
  {
    "gid": "1211882226955916",
    "completed": true,
    "completed_at": "2025-11-07T20:02:02.197Z",
    "created_at": "2025-11-07T19:59:10.789Z",
    "custom_fields": [],
    "name": "7mmsusquehanna.com",
    "projects": [
      {
        "gid": "1211735121343962",
        "resource_type": "project"
      }
    ],
    "first_activity_at": "2025-11-07T19:59:19.093Z"
  },
  {
    "gid": "1211882226955918",
    "completed": true,
    "completed_at": "2025-11-07T20:01:17.553Z",
    "created_at": "2025-11-07T19:59:14.353Z",
    "custom_fields": [],
    "name": "7mmparkersburg.com",
    "projects": [
      {
        "gid": "1211735121343962",
        "resource_type": "project"
      }
    ],
    "first_activity_at": "2025-11-07T19:59:17.295Z"
  },
  {
    "gid": "1211839455700078",
    "completed": true,
    "completed_at": "2025-11-07T19:20:41.795Z",
    "created_at": "2025-11-04T17:02:01.365Z",
    "custom_fields": [],
    "name": "statecollegemacandcheese.com",
    "projects": [
      {
        "gid": "1211735121343962",
        "resource_type": "project"
      }
    ],
    "first_activity_at": "2025-11-04T17:02:09.591Z"
  },
  {
    "gid": "1211869175808175",
    "completed": true,
    "completed_at": "2025-11-06T22:00:03.770Z",
    "created_at": "2025-11-06T21:32:30.804Z",
    "custom_fields": [],
    "name": "7mmdubois.com",
    "projects": [
      {
        "gid": "1211735121343962",
        "resource_type": "project"
      }
    ],
    "first_activity_at": "2025-11-06T21:32:47.117Z"
  },
  {
    "gid": "1211869175808177",
    "completed": true,
    "completed_at": "2025-11-06T22:00:02.998Z",
    "created_at": "2025-11-06T21:32:37.299Z",
    "custom_fields": [],
    "name": "7mmolean.com",
    "projects": [
      {
        "gid": "1211735121343962",
        "resource_type": "project"
      }
    ],
    "first_activity_at": "2025-11-06T21:32:45.383Z"
  },
  {
    "gid": "1211869175808179",
    "completed": true,
    "completed_at": "2025-11-06T22:00:01.444Z",
    "created_at": "2025-11-06T21:32:39.801Z",
    "custom_fields": [],
    "name": "7mmbowlinggreen.com",
    "projects": [
      {
        "gid": "1211735121343962",
        "resource_type": "project"
      }
    ],
    "first_activity_at": "2025-11-06T21:32:42.364Z"
  },
  {
    "gid": "1211839455700075",
    "completed": true,
    "completed_at": "2025-11-06T16:27:17.144Z",
    "created_at": "2025-11-04T17:01:47.003Z",
    "custom_fields": [],
    "name": "spookypa.com",
    "projects": [
      {
        "gid": "1211735121343962",
        "resource_type": "project"
      }
    ],
    "first_activity_at": "2025-11-04T17:01:51.101Z"
  },
  {
    "gid": "1211849841756365",
    "completed": true,
    "completed_at": "2025-11-05T19:33:14.719Z",
    "created_at": "2025-11-05T17:56:32.299Z",
    "custom_fields": [],
    "name": "frankfortparade.com",
    "projects": [
      {
        "gid": "1211735121343962",
        "resource_type": "project"
      }
    ],
    "first_activity_at": "2025-11-05T17:56:35.565Z"
  },
  {
    "gid": "1211862494796634",
    "completed": true,
    "completed_at": "2025-11-06T17:28:52.985Z",
    "created_at": "2025-11-06T17:11:02.550Z",
    "custom_fields": [],
    "name": "7mmstatecollege.com",
    "projects": [
      {
        "gid": "1211735121343962",
        "resource_type": "project"
      }
    ],
    "first_activity_at": "2025-11-06T17:11:10.140Z"
  },
  {
    "gid": "1211862494796636",
    "completed": true,
    "completed_at": "2025-11-06T17:28:52.190Z",
    "created_at": "2025-11-06T17:11:14.804Z",
    "custom_fields": [],
    "name": "7mmelmira.com",
    "projects": [
      {
        "gid": "1211735121343962",
        "resource_type": "project"
      }
    ],
    "first_activity_at": "2025-11-06T17:11:26.045Z"
  },
  {
    "gid": "1211839455700069",
    "completed": true,
    "completed_at": "2025-11-05T18:38:00.155Z",
    "created_at": "2025-11-04T17:01:09.879Z",
    "custom_fields": [],
    "name": "macandcheeselebanon.com",
    "projects": [
      {
        "gid": "1211735121343962",
        "resource_type": "project"
      }
    ],
    "first_activity_at": "2025-11-04T17:01:15.660Z"
  },
  {
    "gid": "1211773377963298",
    "completed": true,
    "completed_at": "2025-11-04T17:06:42.639Z",
    "created_at": "2025-10-28T18:06:20.274Z",
    "custom_fields": [],
    "name": "smokerfriendlywv.com",
    "projects": [
      {
        "gid": "1211735121343962",
        "resource_type": "project"
      }
    ],
    "first_activity_at": "2025-10-28T18:06:23.085Z"
  },
  {
    "gid": "1211773375771106",
    "completed": true,
    "completed_at": "2025-10-28T17:52:36.005Z",
    "created_at": "2025-10-28T17:26:42.282Z",
    "custom_fields": [],
    "name": "keystonecoinbullion.com",
    "projects": [
      {
        "gid": "1211735121343962",
        "resource_type": "project"
      }
    ],
    "first_activity_at": "2025-10-28T17:26:45.384Z"
  },
  {
    "gid": "1211741659610585",
    "completed": true,
    "completed_at": "2025-10-24T17:33:43.263Z",
    "created_at": "2025-10-24T16:47:52.939Z",
    "custom_fields": [],
    "name": "7MMSports.com",
    "projects": [
      {
        "gid": "1211735121343962",
        "resource_type": "project"
      }
    ],
    "first_activity_at": "2025-10-24T16:47:59.441Z"
  }
]