[
  {
    "gid": "1211545354975916",
    "completed": false,
    "completed_at": null,
    "created_at": "2025-10-03T14:02:49.209Z",
    "custom_fields": [],
    "name": "Script approval",
    "projects": [
      {
        "gid": "1211545055099542",
        "resource_type": "project"
      }
    ],
    "first_activity_at": "2025-10-03T14:02:49.374Z"
  },
  {
    "gid": "1211545354884292",
    "completed": false,
    "completed_at": null,
    "created_at": "2025-10-03T14:02:49.035Z",
    "custom_fields": [],
    "name": "Present script to client",
    "projects": [
      {
        "gid": "1211545055099542",
        "resource_type": "project"
      }
    ],
    "first_activity_at": null
  },
  {
    "gid": "1211545354884285",
    "completed": false,
    "completed_at": null,
    "created_at": "2025-10-03T14:02:48.255Z",
    "custom_fields": [],
    "name": "Script draft",
    "projects": [
      {
        "gid": "1211545055099542",
        "resource_type": "project"
      }
    ],
    "first_activity_at": null
  },
  {
    "gid": "1211545354838985",
    "completed": false,
    "completed_at": null,
    "created_at": "2025-10-03T14:02:47.438Z",
    "custom_fields": [],
    "name": "Storyboarding",
    "projects": [
      {
        "gid": "1211545055099542",
        "resource_type": "project"
      }
    ],
    "first_activity_at": null
  },
  {
    "gid": "1211545354838992",
    "completed": false,
    "completed_at": null,
    "created_at": "2025-10-03T14:02:47.630Z",
    "custom_fields": [],
    "name": "Storyboard pitch to client",
    "projects": [
      {
        "gid": "1211545055099542",
        "resource_type": "project"
      }
    ],
    "first_activity_at": null
  },
  {
    "gid": "1211545354884267",
    "completed": false,
    "completed_at": null,
    "created_at": "2025-10-03T14:02:47.800Z",
    "custom_fields": [],
    "name": "Storyboard revisions",
    "projects": [
      {
        "gid": "1211545055099542",
        "resource_type": "project"
      }
    ],
    "first_activity_at": null
  },
  {
    "gid": "1211545354884274",
    "completed": false,
    "completed_at": null,
    "created_at": "2025-10-03T14:02:47.968Z",
    "custom_fields": [],
    "name": "Storyboard client approval",
    "projects": [
      {
        "gid": "1211545055099542",
        "resource_type": "project"
      }
    ],
    "first_activity_at": "2025-10-03T14:02:48.144Z"
  },
  {
    "gid": "1211545354975927",
    "completed": true,
    "completed_at": "2025-10-06T19:24:33.626Z",
    "created_at": "2025-10-03T14:02:49.479Z",
    "custom_fields": [],
    "name": "Schedule Video / Photoshoot",
    "projects": [
      {
        "gid": "1211545055099542",
        "resource_type": "project"
      }
    ],
    "first_activity_at": "2025-10-03T14:03:19.965Z"
  },
  {
    "gid": "1211545354975934",
    "completed": true,
    "completed_at": "2025-10-06T19:58:33.375Z",
    "created_at": "2025-10-03T14:02:49.639Z",
    "custom_fields": [],
    "name": "Actors/Interviewees/Assets needed for shoot",
    "projects": [
      {
        "gid": "1211545055099542",
        "resource_type": "project"
      }
    ],
    "first_activity_at": "2025-10-06T19:25:31.975Z"
  },
  {
    "gid": "1211545354975941",
    "completed": true,
    "completed_at": "2025-10-23T18:31:33.468Z",
    "created_at": "2025-10-03T14:02:49.803Z",
    "custom_fields": [],
    "name": "Video/photoshoot",
    "projects": [
      {
        "gid": "1211545055099542",
        "resource_type": "project"
      }
    ],
    "first_activity_at": "2025-10-06T19:24:00.794Z"
  },
  {
    "gid": "1211545355023607",
    "completed": true,
    "completed_at": "2025-10-23T18:31:23.679Z",
    "created_at": "2025-10-03T14:02:50.012Z",
    "custom_fields": [],
    "name": "Links to raw footage",
    "projects": [
      {
        "gid": "1211545055099542",
        "resource_type": "project"
      }
    ],
    "first_activity_at": "2025-10-22T17:05:55.454Z"
  },
  {
    "gid": "1211545355023615",
    "completed": false,
    "completed_at": null,
    "created_at": "2025-10-03T14:02:50.172Z",
    "custom_fields": [],
    "name": "Deliverable 1",
    "projects": [
      {
        "gid": "1211545055099542",
        "resource_type": "project"
      }
    ],
    "first_activity_at": null
  },
  {
    "gid": "1211545355023623",
    "completed": false,
    "completed_at": null,
    "created_at": "2025-10-03T14:02:50.341Z",
    "custom_fields": [],
    "name": "Deliverable 2",
    "projects": [
      {
        "gid": "1211545055099542",
        "resource_type": "project"
      }
    ],
    "first_activity_at": null
  },
  {
    "gid": "1211545355023631",
    "completed": false,
    "completed_at": null,
    "created_at": "2025-10-03T14:02:50.512Z",
    "custom_fields": [],
    "name": "Deliverable 3",
    "projects": [
      {
        "gid": "1211545055099542",
        "resource_type": "project"
      }
    ],
    "first_activity_at": null
  }
]