[
  {
    "gid": "1211153972917706",
    "completed": false,
    "completed_at": null,
    "created_at": "2025-08-26T19:19:02.733Z",
    "custom_fields": [
      {
        "gid": "1204456891952863",
        "enabled": true,
        "enum_options": [
          {
            "gid": "1204456891952864",
            "color": "red",
            "enabled": true,
            "name": "High",
            "resource_type": "enum_option"
          },
          {
            "gid": "1204456891952865",
            "color": "orange",
            "enabled": true,
            "name": "Medium",
            "resource_type": "enum_option"
          },
          {
            "gid": "1204456891952866",
            "color": "yellow-orange",
            "enabled": true,
            "name": "Low",
            "resource_type": "enum_option"
          }
        ],
        "enum_value": null,
        "name": "Priority",
        "description": "Asana-created. Track the priority of each task.",
        "created_by": null,
        "display_value": null,
        "resource_subtype": "enum",
        "resource_type": "custom_field",
        "is_formula_field": false,
        "is_value_read_only": false,
        "type": "enum"
      },
      {
        "gid": "1204456891952868",
        "enabled": true,
        "enum_options": [
          {
            "gid": "1204456891952869",
            "color": "blue",
            "enabled": true,
            "name": "Not Started",
            "resource_type": "enum_option"
          },
          {
            "gid": "1204456891952870",
            "color": "cool-gray",
            "enabled": true,
            "name": "In Progress",
            "resource_type": "enum_option"
          },
          {
            "gid": "1204456891952871",
            "color": "yellow",
            "enabled": true,
            "name": "Waiting",
            "resource_type": "enum_option"
          },
          {
            "gid": "1204456891952872",
            "color": "orange",
            "enabled": true,
            "name": "Deferred",
            "resource_type": "enum_option"
          },
          {
            "gid": "1204456891952873",
            "color": "blue-green",
            "enabled": true,
            "name": "Done",
            "resource_type": "enum_option"
          }
        ],
        "enum_value": null,
        "name": "Task Progress",
        "description": "Asana-created. Track the progress of each task.",
        "created_by": null,
        "display_value": null,
        "resource_subtype": "enum",
        "resource_type": "custom_field",
        "is_formula_field": false,
        "is_value_read_only": false,
        "type": "enum"
      },
      {
        "gid": "1204571851534991",
        "enabled": true,
        "name": "Estimated time",
        "description": "Asana-created. Estimate time to complete a task.",
        "number_value": null,
        "precision": 0,
        "created_by": null,
        "display_value": null,
        "resource_subtype": "number",
        "resource_type": "custom_field",
        "is_formula_field": false,
        "is_value_read_only": false,
        "type": "number"
      }
    ],
    "name": "Proposal",
    "projects": [
      {
        "gid": "1211152151700111",
        "resource_type": "project"
      }
    ],
    "first_activity_at": "2025-08-26T19:19:07.513Z"
  },
  {
    "gid": "1211577070964820",
    "completed": true,
    "completed_at": "2025-11-21T16:07:16.157Z",
    "created_at": "2025-10-07T15:44:19.128Z",
    "custom_fields": [
      {
        "gid": "1204456891952863",
        "enabled": true,
        "enum_options": [
          {
            "gid": "1204456891952864",
            "color": "red",
            "enabled": true,
            "name": "High",
            "resource_type": "enum_option"
          },
          {
            "gid": "1204456891952865",
            "color": "orange",
            "enabled": true,
            "name": "Medium",
            "resource_type": "enum_option"
          },
          {
            "gid": "1204456891952866",
            "color": "yellow-orange",
            "enabled": true,
            "name": "Low",
            "resource_type": "enum_option"
          }
        ],
        "enum_value": null,
        "name": "Priority",
        "description": "Asana-created. Track the priority of each task.",
        "created_by": null,
        "display_value": null,
        "resource_subtype": "enum",
        "resource_type": "custom_field",
        "is_formula_field": false,
        "is_value_read_only": false,
        "type": "enum"
      },
      {
        "gid": "1204456891952868",
        "enabled": true,
        "enum_options": [
          {
            "gid": "1204456891952869",
            "color": "blue",
            "enabled": true,
            "name": "Not Started",
            "resource_type": "enum_option"
          },
          {
            "gid": "1204456891952870",
            "color": "cool-gray",
            "enabled": true,
            "name": "In Progress",
            "resource_type": "enum_option"
          },
          {
            "gid": "1204456891952871",
            "color": "yellow",
            "enabled": true,
            "name": "Waiting",
            "resource_type": "enum_option"
          },
          {
            "gid": "1204456891952872",
            "color": "orange",
            "enabled": true,
            "name": "Deferred",
            "resource_type": "enum_option"
          },
          {
            "gid": "1204456891952873",
            "color": "blue-green",
            "enabled": true,
            "name": "Done",
            "resource_type": "enum_option"
          }
        ],
        "enum_value": {
          "gid": "1204456891952873",
          "color": "blue-green",
          "enabled": true,
          "name": "Done",
          "resource_type": "enum_option"
        },
        "name": "Task Progress",
        "description": "Asana-created. Track the progress of each task.",
        "created_by": null,
        "display_value": "Done",
        "resource_subtype": "enum",
        "resource_type": "custom_field",
        "is_formula_field": false,
        "is_value_read_only": false,
        "type": "enum"
      },
      {
        "gid": "1204571851534991",
        "enabled": true,
        "name": "Estimated time",
        "description": "Asana-created. Estimate time to complete a task.",
        "number_value": null,
        "precision": 0,
        "created_by": null,
        "display_value": null,
        "resource_subtype": "number",
        "resource_type": "custom_field",
        "is_formula_field": false,
        "is_value_read_only": false,
        "type": "number"
      }
    ],
    "name": "Legacy Crafted SKUS",
    "projects": [
      {
        "gid": "1211152151700111",
        "resource_type": "project"
      }
    ],
    "first_activity_at": "2025-10-07T15:44:26.644Z"
  },
  {
    "gid": "1211456350748998",
    "completed": false,
    "completed_at": null,
    "created_at": "2025-09-24T16:54:23.463Z",
    "custom_fields": [
      {
        "gid": "1204456891952863",
        "enabled": true,
        "enum_options": [
          {
            "gid": "1204456891952864",
            "color": "red",
            "enabled": true,
            "name": "High",
            "resource_type": "enum_option"
          },
          {
            "gid": "1204456891952865",
            "color": "orange",
            "enabled": true,
            "name": "Medium",
            "resource_type": "enum_option"
          },
          {
            "gid": "1204456891952866",
            "color": "yellow-orange",
            "enabled": true,
            "name": "Low",
            "resource_type": "enum_option"
          }
        ],
        "enum_value": null,
        "name": "Priority",
        "description": "Asana-created. Track the priority of each task.",
        "created_by": null,
        "display_value": null,
        "resource_subtype": "enum",
        "resource_type": "custom_field",
        "is_formula_field": false,
        "is_value_read_only": false,
        "type": "enum"
      },
      {
        "gid": "1204456891952868",
        "enabled": true,
        "enum_options": [
          {
            "gid": "1204456891952869",
            "color": "blue",
            "enabled": true,
            "name": "Not Started",
            "resource_type": "enum_option"
          },
          {
            "gid": "1204456891952870",
            "color": "cool-gray",
            "enabled": true,
            "name": "In Progress",
            "resource_type": "enum_option"
          },
          {
            "gid": "1204456891952871",
            "color": "yellow",
            "enabled": true,
            "name": "Waiting",
            "resource_type": "enum_option"
          },
          {
            "gid": "1204456891952872",
            "color": "orange",
            "enabled": true,
            "name": "Deferred",
            "resource_type": "enum_option"
          },
          {
            "gid": "1204456891952873",
            "color": "blue-green",
            "enabled": true,
            "name": "Done",
            "resource_type": "enum_option"
          }
        ],
        "enum_value": {
          "gid": "1204456891952869",
          "color": "blue",
          "enabled": true,
          "name": "Not Started",
          "resource_type": "enum_option"
        },
        "name": "Task Progress",
        "description": "Asana-created. Track the progress of each task.",
        "created_by": null,
        "display_value": "Not Started",
        "resource_subtype": "enum",
        "resource_type": "custom_field",
        "is_formula_field": false,
        "is_value_read_only": false,
        "type": "enum"
      },
      {
        "gid": "1204571851534991",
        "enabled": true,
        "name": "Estimated time",
        "description": "Asana-created. Estimate time to complete a task.",
        "number_value": null,
        "precision": 0,
        "created_by": null,
        "display_value": null,
        "resource_subtype": "number",
        "resource_type": "custom_field",
        "is_formula_field": false,
        "is_value_read_only": false,
        "type": "number"
      }
    ],
    "name": "New Dealer forms",
    "projects": [
      {
        "gid": "1211152151700111",
        "resource_type": "project"
      }
    ],
    "first_activity_at": "2025-09-24T16:54:54.130Z"
  },
  {
    "gid": "1211153972917711",
    "completed": false,
    "completed_at": null,
    "created_at": "2025-08-26T19:19:41.230Z",
    "custom_fields": [
      {
        "gid": "1204456891952863",
        "enabled": true,
        "enum_options": [
          {
            "gid": "1204456891952864",
            "color": "red",
            "enabled": true,
            "name": "High",
            "resource_type": "enum_option"
          },
          {
            "gid": "1204456891952865",
            "color": "orange",
            "enabled": true,
            "name": "Medium",
            "resource_type": "enum_option"
          },
          {
            "gid": "1204456891952866",
            "color": "yellow-orange",
            "enabled": true,
            "name": "Low",
            "resource_type": "enum_option"
          }
        ],
        "enum_value": null,
        "name": "Priority",
        "description": "Asana-created. Track the priority of each task.",
        "created_by": null,
        "display_value": null,
        "resource_subtype": "enum",
        "resource_type": "custom_field",
        "is_formula_field": false,
        "is_value_read_only": false,
        "type": "enum"
      },
      {
        "gid": "1204456891952868",
        "enabled": true,
        "enum_options": [
          {
            "gid": "1204456891952869",
            "color": "blue",
            "enabled": true,
            "name": "Not Started",
            "resource_type": "enum_option"
          },
          {
            "gid": "1204456891952870",
            "color": "cool-gray",
            "enabled": true,
            "name": "In Progress",
            "resource_type": "enum_option"
          },
          {
            "gid": "1204456891952871",
            "color": "yellow",
            "enabled": true,
            "name": "Waiting",
            "resource_type": "enum_option"
          },
          {
            "gid": "1204456891952872",
            "color": "orange",
            "enabled": true,
            "name": "Deferred",
            "resource_type": "enum_option"
          },
          {
            "gid": "1204456891952873",
            "color": "blue-green",
            "enabled": true,
            "name": "Done",
            "resource_type": "enum_option"
          }
        ],
        "enum_value": null,
        "name": "Task Progress",
        "description": "Asana-created. Track the progress of each task.",
        "created_by": null,
        "display_value": null,
        "resource_subtype": "enum",
        "resource_type": "custom_field",
        "is_formula_field": false,
        "is_value_read_only": false,
        "type": "enum"
      },
      {
        "gid": "1204571851534991",
        "enabled": true,
        "name": "Estimated time",
        "description": "Asana-created. Estimate time to complete a task.",
        "number_value": null,
        "precision": 0,
        "created_by": null,
        "display_value": null,
        "resource_subtype": "number",
        "resource_type": "custom_field",
        "is_formula_field": false,
        "is_value_read_only": false,
        "type": "number"
      }
    ],
    "name": "How To edit Gravity PDFS",
    "projects": [
      {
        "gid": "1211152151700111",
        "resource_type": "project"
      }
    ],
    "first_activity_at": "2025-08-26T19:19:52.883Z"
  },
  {
    "gid": "1211153974396070",
    "completed": false,
    "completed_at": null,
    "created_at": "2025-08-26T19:16:58.957Z",
    "custom_fields": [
      {
        "gid": "1204456891952863",
        "enabled": true,
        "enum_options": [
          {
            "gid": "1204456891952864",
            "color": "red",
            "enabled": true,
            "name": "High",
            "resource_type": "enum_option"
          },
          {
            "gid": "1204456891952865",
            "color": "orange",
            "enabled": true,
            "name": "Medium",
            "resource_type": "enum_option"
          },
          {
            "gid": "1204456891952866",
            "color": "yellow-orange",
            "enabled": true,
            "name": "Low",
            "resource_type": "enum_option"
          }
        ],
        "enum_value": null,
        "name": "Priority",
        "description": "Asana-created. Track the priority of each task.",
        "created_by": null,
        "display_value": null,
        "resource_subtype": "enum",
        "resource_type": "custom_field",
        "is_formula_field": false,
        "is_value_read_only": false,
        "type": "enum"
      },
      {
        "gid": "1204456891952868",
        "enabled": true,
        "enum_options": [
          {
            "gid": "1204456891952869",
            "color": "blue",
            "enabled": true,
            "name": "Not Started",
            "resource_type": "enum_option"
          },
          {
            "gid": "1204456891952870",
            "color": "cool-gray",
            "enabled": true,
            "name": "In Progress",
            "resource_type": "enum_option"
          },
          {
            "gid": "1204456891952871",
            "color": "yellow",
            "enabled": true,
            "name": "Waiting",
            "resource_type": "enum_option"
          },
          {
            "gid": "1204456891952872",
            "color": "orange",
            "enabled": true,
            "name": "Deferred",
            "resource_type": "enum_option"
          },
          {
            "gid": "1204456891952873",
            "color": "blue-green",
            "enabled": true,
            "name": "Done",
            "resource_type": "enum_option"
          }
        ],
        "enum_value": null,
        "name": "Task Progress",
        "description": "Asana-created. Track the progress of each task.",
        "created_by": null,
        "display_value": null,
        "resource_subtype": "enum",
        "resource_type": "custom_field",
        "is_formula_field": false,
        "is_value_read_only": false,
        "type": "enum"
      },
      {
        "gid": "1204571851534991",
        "enabled": true,
        "name": "Estimated time",
        "description": "Asana-created. Estimate time to complete a task.",
        "number_value": null,
        "precision": 0,
        "created_by": null,
        "display_value": null,
        "resource_subtype": "number",
        "resource_type": "custom_field",
        "is_formula_field": false,
        "is_value_read_only": false,
        "type": "number"
      }
    ],
    "name": "Portal Development",
    "projects": [
      {
        "gid": "1211152151700111",
        "resource_type": "project"
      }
    ],
    "first_activity_at": "2025-08-26T19:20:30.311Z"
  },
  {
    "gid": "1211295351971868",
    "completed": false,
    "completed_at": null,
    "created_at": "2025-09-08T19:16:38.056Z",
    "custom_fields": [
      {
        "gid": "1204456891952863",
        "enabled": true,
        "enum_options": [
          {
            "gid": "1204456891952864",
            "color": "red",
            "enabled": true,
            "name": "High",
            "resource_type": "enum_option"
          },
          {
            "gid": "1204456891952865",
            "color": "orange",
            "enabled": true,
            "name": "Medium",
            "resource_type": "enum_option"
          },
          {
            "gid": "1204456891952866",
            "color": "yellow-orange",
            "enabled": true,
            "name": "Low",
            "resource_type": "enum_option"
          }
        ],
        "enum_value": null,
        "name": "Priority",
        "description": "Asana-created. Track the priority of each task.",
        "created_by": null,
        "display_value": null,
        "resource_subtype": "enum",
        "resource_type": "custom_field",
        "is_formula_field": false,
        "is_value_read_only": false,
        "type": "enum"
      },
      {
        "gid": "1204456891952868",
        "enabled": true,
        "enum_options": [
          {
            "gid": "1204456891952869",
            "color": "blue",
            "enabled": true,
            "name": "Not Started",
            "resource_type": "enum_option"
          },
          {
            "gid": "1204456891952870",
            "color": "cool-gray",
            "enabled": true,
            "name": "In Progress",
            "resource_type": "enum_option"
          },
          {
            "gid": "1204456891952871",
            "color": "yellow",
            "enabled": true,
            "name": "Waiting",
            "resource_type": "enum_option"
          },
          {
            "gid": "1204456891952872",
            "color": "orange",
            "enabled": true,
            "name": "Deferred",
            "resource_type": "enum_option"
          },
          {
            "gid": "1204456891952873",
            "color": "blue-green",
            "enabled": true,
            "name": "Done",
            "resource_type": "enum_option"
          }
        ],
        "enum_value": {
          "gid": "1204456891952869",
          "color": "blue",
          "enabled": true,
          "name": "Not Started",
          "resource_type": "enum_option"
        },
        "name": "Task Progress",
        "description": "Asana-created. Track the progress of each task.",
        "created_by": null,
        "display_value": "Not Started",
        "resource_subtype": "enum",
        "resource_type": "custom_field",
        "is_formula_field": false,
        "is_value_read_only": false,
        "type": "enum"
      },
      {
        "gid": "1204571851534991",
        "enabled": true,
        "name": "Estimated time",
        "description": "Asana-created. Estimate time to complete a task.",
        "number_value": null,
        "precision": 0,
        "created_by": null,
        "display_value": null,
        "resource_subtype": "number",
        "resource_type": "custom_field",
        "is_formula_field": false,
        "is_value_read_only": false,
        "type": "number"
      }
    ],
    "name": "WooCommerce PDF Print Page",
    "projects": [
      {
        "gid": "1211152151700111",
        "resource_type": "project"
      }
    ],
    "first_activity_at": "2025-09-08T19:16:48.804Z"
  },
  {
    "gid": "1211096031052230",
    "completed": true,
    "completed_at": "2025-09-19T19:58:48.823Z",
    "created_at": "2025-08-19T20:19:22.672Z",
    "custom_fields": [
      {
        "gid": "1209276033181319",
        "enabled": true,
        "enum_options": [
          {
            "gid": "1209276033181320",
            "color": "red",
            "enabled": true,
            "name": "Bug",
            "resource_type": "enum_option"
          },
          {
            "gid": "1209276033181321",
            "color": "blue",
            "enabled": true,
            "name": "Feature Request",
            "resource_type": "enum_option"
          },
          {
            "gid": "1209276033181322",
            "color": "green",
            "enabled": true,
            "name": "Task",
            "resource_type": "enum_option"
          }
        ],
        "enum_value": null,
        "name": "Ticket Type",
        "description": "The type of ticket, such as bug, feature request, or task",
        "created_by": {
          "gid": "1204481043416950",
          "name": "Jeff Reed",
          "resource_type": "user"
        },
        "display_value": null,
        "resource_subtype": "enum",
        "resource_type": "custom_field",
        "is_formula_field": false,
        "is_value_read_only": false,
        "type": "enum"
      },
      {
        "gid": "1207647361570070",
        "enabled": true,
        "enum_options": [
          {
            "gid": "1207647361570073",
            "color": "red",
            "enabled": true,
            "name": "High",
            "resource_type": "enum_option"
          },
          {
            "gid": "1207647361570074",
            "color": "orange",
            "enabled": true,
            "name": "Medium",
            "resource_type": "enum_option"
          },
          {
            "gid": "1207647361570075",
            "color": "yellow-orange",
            "enabled": true,
            "name": "Low",
            "resource_type": "enum_option"
          }
        ],
        "enum_value": null,
        "name": "Priority",
        "description": "Asana-created. Track the priority of each task.",
        "created_by": {
          "gid": "1204602274567842",
          "name": "Aura-Maria Moore",
          "resource_type": "user"
        },
        "display_value": null,
        "resource_subtype": "enum",
        "resource_type": "custom_field",
        "is_formula_field": false,
        "is_value_read_only": false,
        "type": "enum"
      },
      {
        "gid": "1204571851534991",
        "enabled": true,
        "name": "Estimated time",
        "description": "Asana-created. Estimate time to complete a task.",
        "number_value": null,
        "precision": 0,
        "created_by": null,
        "display_value": null,
        "resource_subtype": "number",
        "resource_type": "custom_field",
        "is_formula_field": false,
        "is_value_read_only": false,
        "type": "number"
      },
      {
        "gid": "1204456891952863",
        "enabled": true,
        "enum_options": [
          {
            "gid": "1204456891952864",
            "color": "red",
            "enabled": true,
            "name": "High",
            "resource_type": "enum_option"
          },
          {
            "gid": "1204456891952865",
            "color": "orange",
            "enabled": true,
            "name": "Medium",
            "resource_type": "enum_option"
          },
          {
            "gid": "1204456891952866",
            "color": "yellow-orange",
            "enabled": true,
            "name": "Low",
            "resource_type": "enum_option"
          }
        ],
        "enum_value": null,
        "name": "Priority",
        "description": "Asana-created. Track the priority of each task.",
        "created_by": null,
        "display_value": null,
        "resource_subtype": "enum",
        "resource_type": "custom_field",
        "is_formula_field": false,
        "is_value_read_only": false,
        "type": "enum"
      },
      {
        "gid": "1204456891952868",
        "enabled": true,
        "enum_options": [
          {
            "gid": "1204456891952869",
            "color": "blue",
            "enabled": true,
            "name": "Not Started",
            "resource_type": "enum_option"
          },
          {
            "gid": "1204456891952870",
            "color": "cool-gray",
            "enabled": true,
            "name": "In Progress",
            "resource_type": "enum_option"
          },
          {
            "gid": "1204456891952871",
            "color": "yellow",
            "enabled": true,
            "name": "Waiting",
            "resource_type": "enum_option"
          },
          {
            "gid": "1204456891952872",
            "color": "orange",
            "enabled": true,
            "name": "Deferred",
            "resource_type": "enum_option"
          },
          {
            "gid": "1204456891952873",
            "color": "blue-green",
            "enabled": true,
            "name": "Done",
            "resource_type": "enum_option"
          }
        ],
        "enum_value": {
          "gid": "1204456891952873",
          "color": "blue-green",
          "enabled": true,
          "name": "Done",
          "resource_type": "enum_option"
        },
        "name": "Task Progress",
        "description": "Asana-created. Track the progress of each task.",
        "created_by": null,
        "display_value": "Done",
        "resource_subtype": "enum",
        "resource_type": "custom_field",
        "is_formula_field": false,
        "is_value_read_only": false,
        "type": "enum"
      }
    ],
    "name": "Legacy Crafted",
    "projects": [
      {
        "gid": "1209275776231155",
        "resource_type": "project"
      },
      {
        "gid": "1211152151700111",
        "resource_type": "project"
      }
    ],
    "first_activity_at": "2025-08-19T20:19:35.252Z"
  }
]