[
  {
    "gid": "1212049098917531",
    "completed": false,
    "completed_at": null,
    "created_at": "2025-11-21T20:50:04.872Z",
    "custom_fields": [],
    "name": "Storyboarding",
    "projects": [
      {
        "gid": "1212008387680114",
        "resource_type": "project"
      }
    ],
    "first_activity_at": "2025-11-21T20:52:14.973Z"
  },
  {
    "gid": "1212049098917539",
    "completed": false,
    "completed_at": null,
    "created_at": "2025-11-21T20:50:05.102Z",
    "custom_fields": [],
    "name": "Storyboard pitch to client",
    "projects": [
      {
        "gid": "1212008387680114",
        "resource_type": "project"
      }
    ],
    "first_activity_at": null
  },
  {
    "gid": "1212049098917547",
    "completed": false,
    "completed_at": null,
    "created_at": "2025-11-21T20:50:05.308Z",
    "custom_fields": [],
    "name": "Storyboard revisions",
    "projects": [
      {
        "gid": "1212008387680114",
        "resource_type": "project"
      }
    ],
    "first_activity_at": null
  },
  {
    "gid": "1212049098917555",
    "completed": false,
    "completed_at": null,
    "created_at": "2025-11-21T20:50:05.518Z",
    "custom_fields": [],
    "name": "Storyboard client approval",
    "projects": [
      {
        "gid": "1212008387680114",
        "resource_type": "project"
      }
    ],
    "first_activity_at": "2025-11-21T20:50:05.772Z"
  },
  {
    "gid": "1212049098956398",
    "completed": false,
    "completed_at": null,
    "created_at": "2025-11-21T20:50:05.868Z",
    "custom_fields": [],
    "name": "Script draft",
    "projects": [
      {
        "gid": "1212008387680114",
        "resource_type": "project"
      }
    ],
    "first_activity_at": null
  },
  {
    "gid": "1212049098956406",
    "completed": false,
    "completed_at": null,
    "created_at": "2025-11-21T20:50:06.116Z",
    "custom_fields": [],
    "name": "Present script to client",
    "projects": [
      {
        "gid": "1212008387680114",
        "resource_type": "project"
      }
    ],
    "first_activity_at": null
  },
  {
    "gid": "1212049098956414",
    "completed": false,
    "completed_at": null,
    "created_at": "2025-11-21T20:50:06.336Z",
    "custom_fields": [],
    "name": "Script approval",
    "projects": [
      {
        "gid": "1212008387680114",
        "resource_type": "project"
      }
    ],
    "first_activity_at": "2025-11-21T20:50:06.543Z"
  },
  {
    "gid": "1212049099001565",
    "completed": false,
    "completed_at": null,
    "created_at": "2025-11-21T20:50:06.626Z",
    "custom_fields": [],
    "name": "Schedule Video / Photoshoot",
    "projects": [
      {
        "gid": "1212008387680114",
        "resource_type": "project"
      }
    ],
    "first_activity_at": null
  },
  {
    "gid": "1212049099001573",
    "completed": false,
    "completed_at": null,
    "created_at": "2025-11-21T20:50:06.778Z",
    "custom_fields": [],
    "name": "Actors/Interviewees/Assets needed for shoot",
    "projects": [
      {
        "gid": "1212008387680114",
        "resource_type": "project"
      }
    ],
    "first_activity_at": null
  },
  {
    "gid": "1212049099001581",
    "completed": false,
    "completed_at": null,
    "created_at": "2025-11-21T20:50:06.926Z",
    "custom_fields": [],
    "name": "Video/photoshoot",
    "projects": [
      {
        "gid": "1212008387680114",
        "resource_type": "project"
      }
    ],
    "first_activity_at": null
  },
  {
    "gid": "1212049099001590",
    "completed": false,
    "completed_at": null,
    "created_at": "2025-11-21T20:50:07.086Z",
    "custom_fields": [],
    "name": "Links to raw footage",
    "projects": [
      {
        "gid": "1212008387680114",
        "resource_type": "project"
      }
    ],
    "first_activity_at": null
  },
  {
    "gid": "1212049099020111",
    "completed": false,
    "completed_at": null,
    "created_at": "2025-11-21T20:50:07.238Z",
    "custom_fields": [],
    "name": "Deliverable 1",
    "projects": [
      {
        "gid": "1212008387680114",
        "resource_type": "project"
      }
    ],
    "first_activity_at": null
  },
  {
    "gid": "1212049099020120",
    "completed": false,
    "completed_at": null,
    "created_at": "2025-11-21T20:50:07.390Z",
    "custom_fields": [],
    "name": "Deliverable 2",
    "projects": [
      {
        "gid": "1212008387680114",
        "resource_type": "project"
      }
    ],
    "first_activity_at": null
  },
  {
    "gid": "1212049099020129",
    "completed": false,
    "completed_at": null,
    "created_at": "2025-11-21T20:50:07.533Z",
    "custom_fields": [],
    "name": "Deliverable 3",
    "projects": [
      {
        "gid": "1212008387680114",
        "resource_type": "project"
      }
    ],
    "first_activity_at": null
  }
]